user_message,intent
Günaydın Detaylı bilgi alabilir miyim?,selamlama
Merhaba,selamlama
Günaydın Rica etsem açıklar mısınız?,selamlama
Yardımcı olabilir misiniz? Örnek verebilir misiniz?,selamlama
Günaydın Kısaca açıklar mısınız?,selamlama
Yardımcı olabilir misiniz? Detaylı bilgi alabilir miyim?,selamlama
Selam Kısaca açıklar mısınız?,selamlama
Selam Örnek verebilir misiniz?,selamlama
İyi akşamlar Rica etsem açıklar mısınız?,selamlama
Merhaba Kısaca açıklar mısınız?,selamlama
Merhaba Rica etsem açıklar mısınız?,selamlama
Merhaba Örnek verebilir misiniz?,selamlama
Selam Detaylı bilgi alabilir miyim?,selamlama
Günaydın Örnek verebilir misiniz?,selamlama
İyi akşamlar Kısaca açıklar mısınız?,selamlama
İyi akşamlar Kısaca açıklar mısınız?,selamlama
Günaydın Kısaca açıklar mısınız?,selamlama
Günaydın Detaylı bilgi alabilir miyim?,selamlama
Yardımcı olabilir misiniz? Detaylı bilgi alabilir miyim?,selamlama
Merhaba Detaylı bilgi alabilir miyim?,selamlama
İyi akşamlar Rica etsem açıklar mısınız?,selamlama
Günaydın Kısaca açıklar mısınız?,selamlama
Selam,selamlama
Merhaba Rica etsem açıklar mısınız?,selamlama
Günaydın Kısaca açıklar mısınız?,selamlama
Günaydın Detaylı bilgi alabilir miyim?,selamlama
Selam Örnek verebilir misiniz?,selamlama
Selam,selamlama
Merhaba,selamlama
Yardımcı olabilir misiniz?,selamlama
İyi akşamlar Kısaca açıklar mısınız?,selamlama
Günaydın Rica etsem açıklar mısınız?,selamlama
Günaydın Detaylı bilgi alabilir miyim?,selamlama
Selam Örnek verebilir misiniz?,selamlama
İyi akşamlar,selamlama
Günaydın Kısaca açıklar mısınız?,selamlama
İyi akşamlar Örnek verebilir misiniz?,selamlama
Merhaba Kısaca açıklar mısınız?,selamlama
Günaydın Rica etsem açıklar mısınız?,selamlama
İyi akşamlar Kısaca açıklar mısınız?,selamlama
Selam Örnek verebilir misiniz?,selamlama
İyi akşamlar Rica etsem açıklar mısınız?,selamlama
Günaydın,selamlama
Selam Örnek verebilir misiniz?,selamlama
Yardımcı olabilir misiniz? Detaylı bilgi alabilir miyim?,selamlama
Günaydın,selamlama
Günaydın,selamlama
Selam Kısaca açıklar mısınız?,selamlama
Merhaba Rica etsem açıklar mısınız?,selamlama
Merhaba,selamlama
Selam Örnek verebilir misiniz?,selamlama
İyi akşamlar Kısaca açıklar mısınız?,selamlama
İyi akşamlar Detaylı bilgi alabilir miyim?,selamlama
Günaydın Detaylı bilgi alabilir miyim?,selamlama
İyi akşamlar Rica etsem açıklar mısınız?,selamlama
Merhaba Kısaca açıklar mısınız?,selamlama
İyi akşamlar Kısaca açıklar mısınız?,selamlama
Merhaba Örnek verebilir misiniz?,selamlama
İyi akşamlar Rica etsem açıklar mısınız?,selamlama
Selam Detaylı bilgi alabilir miyim?,selamlama
Hoşçakalın Örnek verebilir misiniz?,veda
Görüşmek üzere,veda
Sağ olun Kısaca açıklar mısınız?,veda
Görüşmek üzere Detaylı bilgi alabilir miyim?,veda
Teşekkür ederim,veda
Teşekkür ederim Örnek verebilir misiniz?,veda
Hoşçakalın Örnek verebilir misiniz?,veda
İyi çalışmalar Kısaca açıklar mısınız?,veda
İyi çalışmalar Örnek verebilir misiniz?,veda
Görüşmek üzere,veda
İyi çalışmalar Kısaca açıklar mısınız?,veda
Hoşçakalın Örnek verebilir misiniz?,veda
İyi çalışmalar Kısaca açıklar mısınız?,veda
Teşekkür ederim Kısaca açıklar mısınız?,veda
Sağ olun Örnek verebilir misiniz?,veda
İyi çalışmalar Kısaca açıklar mısınız?,veda
Görüşmek üzere,veda
İyi çalışmalar Rica etsem açıklar mısınız?,veda
Görüşmek üzere Detaylı bilgi alabilir miyim?,veda
Sağ olun Kısaca açıklar mısınız?,veda
Hoşçakalın Kısaca açıklar mısınız?,veda
Hoşçakalın Örnek verebilir misiniz?,veda
Görüşmek üzere Kısaca açıklar mısınız?,veda
Hoşçakalın Detaylı bilgi alabilir miyim?,veda
Sağ olun Rica etsem açıklar mısınız?,veda
Görüşmek üzere,veda
Teşekkür ederim Detaylı bilgi alabilir miyim?,veda
İyi çalışmalar Detaylı bilgi alabilir miyim?,veda
İyi çalışmalar Örnek verebilir misiniz?,veda
Hoşçakalın Örnek verebilir misiniz?,veda
İyi çalışmalar Detaylı bilgi alabilir miyim?,veda
Görüşmek üzere Kısaca açıklar mısınız?,veda
Teşekkür ederim Detaylı bilgi alabilir miyim?,veda
Sağ olun Rica etsem açıklar mısınız?,veda
Sağ olun Örnek verebilir misiniz?,veda
Hoşçakalın Rica etsem açıklar mısınız?,veda
Görüşmek üzere Örnek verebilir misiniz?,veda
Sağ olun Detaylı bilgi alabilir miyim?,veda
Sağ olun,veda
İyi çalışmalar Kısaca açıklar mısınız?,veda
Görüşmek üzere Örnek verebilir misiniz?,veda
Hoşçakalın Kısaca açıklar mısınız?,veda
Hoşçakalın,veda
İyi çalışmalar Detaylı bilgi alabilir miyim?,veda
İyi çalışmalar Detaylı bilgi alabilir miyim?,veda
Teşekkür ederim,veda
İyi çalışmalar Rica etsem açıklar mısınız?,veda
Görüşmek üzere Rica etsem açıklar mısınız?,veda
Teşekkür ederim,veda
Teşekkür ederim,veda
Görüşmek üzere Rica etsem açıklar mısınız?,veda
Hoşçakalın,veda
Görüşmek üzere Kısaca açıklar mısınız?,veda
Görüşmek üzere Detaylı bilgi alabilir miyim?,veda
Hoşçakalın Rica etsem açıklar mısınız?,veda
Teşekkür ederim Rica etsem açıklar mısınız?,veda
Teşekkür ederim,veda
Görüşmek üzere Kısaca açıklar mısınız?,veda
Teşekkür ederim Detaylı bilgi alabilir miyim?,veda
Hoşçakalın Kısaca açıklar mısınız?,veda
PPAP hakkında detaylı bilgi verebilir misiniz? Rica etsem açıklar mısınız?,ppap_nedir
PPAP'nin amacı nedir? Örnek verebilir misiniz?,ppap_nedir
PPAP hakkında detaylı bilgi verebilir misiniz? Detaylı bilgi alabilir miyim?,ppap_nedir
PPAP süreci nedir? Kısaca açıklar mısınız?,ppap_nedir
PPAP'nin amacı nedir? Kısaca açıklar mısınız?,ppap_nedir
PPAP süreci nedir? Örnek verebilir misiniz?,ppap_nedir
PPAP hakkında detaylı bilgi verebilir misiniz? Örnek verebilir misiniz?,ppap_nedir
PPAP süreci nedir? Rica etsem açıklar mısınız?,ppap_nedir
PPAP'nin amacı nedir? Detaylı bilgi alabilir miyim?,ppap_nedir
PPAP'nin amacı nedir?,ppap_nedir
PPAP hakkında detaylı bilgi verebilir misiniz? Kısaca açıklar mısınız?,ppap_nedir
PPAP hakkında detaylı bilgi verebilir misiniz? Kısaca açıklar mısınız?,ppap_nedir
PPAP'nin amacı nedir? Rica etsem açıklar mısınız?,ppap_nedir
PPAP süreci nedir? Rica etsem açıklar mısınız?,ppap_nedir
PPAP'nin amacı nedir? Detaylı bilgi alabilir miyim?,ppap_nedir
PPAP süreci nedir? Rica etsem açıklar mısınız?,ppap_nedir
PPAP hakkında detaylı bilgi verebilir misiniz? Detaylı bilgi alabilir miyim?,ppap_nedir
PPAP hakkında detaylı bilgi verebilir misiniz?,ppap_nedir
PPAP hakkında detaylı bilgi verebilir misiniz? Detaylı bilgi alabilir miyim?,ppap_nedir
PPAP'nin amacı nedir? Rica etsem açıklar mısınız?,ppap_nedir
PPAP'nin amacı nedir?,ppap_nedir
PPAP süreci nedir? Kısaca açıklar mısınız?,ppap_nedir
PPAP'nin amacı nedir? Örnek verebilir misiniz?,ppap_nedir
PPAP hakkında detaylı bilgi verebilir misiniz? Örnek verebilir misiniz?,ppap_nedir
PPAP hakkında detaylı bilgi verebilir misiniz? Detaylı bilgi alabilir miyim?,ppap_nedir
PPAP hakkında detaylı bilgi verebilir misiniz? Rica etsem açıklar mısınız?,ppap_nedir
PPAP'nin amacı nedir? Örnek verebilir misiniz?,ppap_nedir
PPAP süreci nedir?,ppap_nedir
PPAP süreci nedir? Kısaca açıklar mısınız?,ppap_nedir
PPAP süreci nedir? Kısaca açıklar mısınız?,ppap_nedir
PPAP süreci nedir? Detaylı bilgi alabilir miyim?,ppap_nedir
PPAP hakkında detaylı bilgi verebilir misiniz?,ppap_nedir
PPAP'nin amacı nedir? Örnek verebilir misiniz?,ppap_nedir
PPAP süreci nedir? Detaylı bilgi alabilir miyim?,ppap_nedir
PPAP'nin amacı nedir? Detaylı bilgi alabilir miyim?,ppap_nedir
PPAP hakkında detaylı bilgi verebilir misiniz? Kısaca açıklar mısınız?,ppap_nedir
PPAP hakkında detaylı bilgi verebilir misiniz?,ppap_nedir
PPAP süreci nedir? Örnek verebilir misiniz?,ppap_nedir
PPAP süreci nedir? Rica etsem açıklar mısınız?,ppap_nedir
PPAP hakkında detaylı bilgi verebilir misiniz? Detaylı bilgi alabilir miyim?,ppap_nedir
PPAP hakkında detaylı bilgi verebilir misiniz? Detaylı bilgi alabilir miyim?,ppap_nedir
PPAP'nin amacı nedir? Örnek verebilir misiniz?,ppap_nedir
PPAP süreci nedir? Rica etsem açıklar mısınız?,ppap_nedir
PPAP hakkında detaylı bilgi verebilir misiniz? Rica etsem açıklar mısınız?,ppap_nedir
PPAP'nin amacı nedir?,ppap_nedir
PPAP hakkında detaylı bilgi verebilir misiniz? Rica etsem açıklar mısınız?,ppap_nedir
PPAP'nin amacı nedir? Kısaca açıklar mısınız?,ppap_nedir
PPAP hakkında detaylı bilgi verebilir misiniz? Rica etsem açıklar mısınız?,ppap_nedir
PPAP hakkında detaylı bilgi verebilir misiniz? Detaylı bilgi alabilir miyim?,ppap_nedir
PPAP'nin amacı nedir? Örnek verebilir misiniz?,ppap_nedir
PPAP hakkında detaylı bilgi verebilir misiniz? Rica etsem açıklar mısınız?,ppap_nedir
PPAP'nin amacı nedir? Rica etsem açıklar mısınız?,ppap_nedir
PPAP süreci nedir? Rica etsem açıklar mısınız?,ppap_nedir
PPAP süreci nedir? Rica etsem açıklar mısınız?,ppap_nedir
PPAP süreci nedir? Detaylı bilgi alabilir miyim?,ppap_nedir
PPAP hakkında detaylı bilgi verebilir misiniz? Kısaca açıklar mısınız?,ppap_nedir
PPAP hakkında detaylı bilgi verebilir misiniz? Kısaca açıklar mısınız?,ppap_nedir
PPAP hakkında detaylı bilgi verebilir misiniz?,ppap_nedir
PPAP'nin amacı nedir? Örnek verebilir misiniz?,ppap_nedir
PPAP hakkında detaylı bilgi verebilir misiniz? Örnek verebilir misiniz?,ppap_nedir
PPAP için gerekli belgeler nelerdir?,ppap_belgeler
PPAP için gerekli belgeler nelerdir? Örnek verebilir misiniz?,ppap_belgeler
PPAP dosyasında hangi belgeler olmalı? Rica etsem açıklar mısınız?,ppap_belgeler
PPAP için gerekli belgeler nelerdir? Kısaca açıklar mısınız?,ppap_belgeler
PPAP için gerekli belgeler nelerdir? Örnek verebilir misiniz?,ppap_belgeler
PPAP dokümanları neler? Örnek verebilir misiniz?,ppap_belgeler
PPAP dosyasında hangi belgeler olmalı?,ppap_belgeler
PPAP için gerekli belgeler nelerdir?,ppap_belgeler
PPAP için gerekli belgeler nelerdir? Detaylı bilgi alabilir miyim?,ppap_belgeler
PPAP için gerekli belgeler nelerdir? Kısaca açıklar mısınız?,ppap_belgeler
PPAP dokümanları neler? Detaylı bilgi alabilir miyim?,ppap_belgeler
PPAP için gerekli belgeler nelerdir? Kısaca açıklar mısınız?,ppap_belgeler
PPAP dosyasında hangi belgeler olmalı? Kısaca açıklar mısınız?,ppap_belgeler
PPAP dosyasında hangi belgeler olmalı? Rica etsem açıklar mısınız?,ppap_belgeler
PPAP dokümanları neler? Detaylı bilgi alabilir miyim?,ppap_belgeler
PPAP için gerekli belgeler nelerdir?,ppap_belgeler
PPAP dosyasında hangi belgeler olmalı? Örnek verebilir misiniz?,ppap_belgeler
PPAP için gerekli belgeler nelerdir? Kısaca açıklar mısınız?,ppap_belgeler
PPAP için gerekli belgeler nelerdir? Detaylı bilgi alabilir miyim?,ppap_belgeler
PPAP için gerekli belgeler nelerdir? Detaylı bilgi alabilir miyim?,ppap_belgeler
PPAP için gerekli belgeler nelerdir? Örnek verebilir misiniz?,ppap_belgeler
PPAP dokümanları neler? Örnek verebilir misiniz?,ppap_belgeler
PPAP dokümanları neler? Kısaca açıklar mısınız?,ppap_belgeler
PPAP dosyasında hangi belgeler olmalı?,ppap_belgeler
PPAP için gerekli belgeler nelerdir? Rica etsem açıklar mısınız?,ppap_belgeler
PPAP dosyasında hangi belgeler olmalı? Örnek verebilir misiniz?,ppap_belgeler
PPAP için gerekli belgeler nelerdir? Detaylı bilgi alabilir miyim?,ppap_belgeler
PPAP için gerekli belgeler nelerdir?,ppap_belgeler
PPAP dosyasında hangi belgeler olmalı? Kısaca açıklar mısınız?,ppap_belgeler
PPAP dokümanları neler? Rica etsem açıklar mısınız?,ppap_belgeler
PPAP dosyasında hangi belgeler olmalı? Detaylı bilgi alabilir miyim?,ppap_belgeler
PPAP dokümanları neler? Örnek verebilir misiniz?,ppap_belgeler
PPAP dokümanları neler? Detaylı bilgi alabilir miyim?,ppap_belgeler
PPAP dokümanları neler? Kısaca açıklar mısınız?,ppap_belgeler
PPAP dosyasında hangi belgeler olmalı? Detaylı bilgi alabilir miyim?,ppap_belgeler
PPAP dosyasında hangi belgeler olmalı?,ppap_belgeler
PPAP dosyasında hangi belgeler olmalı? Kısaca açıklar mısınız?,ppap_belgeler
PPAP dosyasında hangi belgeler olmalı? Örnek verebilir misiniz?,ppap_belgeler
PPAP dosyasında hangi belgeler olmalı? Kısaca açıklar mısınız?,ppap_belgeler
PPAP dosyasında hangi belgeler olmalı? Örnek verebilir misiniz?,ppap_belgeler
PPAP dosyasında hangi belgeler olmalı? Kısaca açıklar mısınız?,ppap_belgeler
PPAP için gerekli belgeler nelerdir? Kısaca açıklar mısınız?,ppap_belgeler
PPAP dosyasında hangi belgeler olmalı? Rica etsem açıklar mısınız?,ppap_belgeler
PPAP için gerekli belgeler nelerdir? Örnek verebilir misiniz?,ppap_belgeler
PPAP için gerekli belgeler nelerdir? Detaylı bilgi alabilir miyim?,ppap_belgeler
PPAP dokümanları neler? Rica etsem açıklar mısınız?,ppap_belgeler
PPAP dokümanları neler? Rica etsem açıklar mısınız?,ppap_belgeler
PPAP dokümanları neler? Detaylı bilgi alabilir miyim?,ppap_belgeler
PPAP dosyasında hangi belgeler olmalı? Kısaca açıklar mısınız?,ppap_belgeler
PPAP dosyasında hangi belgeler olmalı? Örnek verebilir misiniz?,ppap_belgeler
PPAP dokümanları neler? Rica etsem açıklar mısınız?,ppap_belgeler
PPAP dokümanları neler?,ppap_belgeler
PPAP dosyasında hangi belgeler olmalı? Rica etsem açıklar mısınız?,ppap_belgeler
PPAP için gerekli belgeler nelerdir? Örnek verebilir misiniz?,ppap_belgeler
PPAP dokümanları neler? Örnek verebilir misiniz?,ppap_belgeler
PPAP için gerekli belgeler nelerdir? Kısaca açıklar mısınız?,ppap_belgeler
PPAP için gerekli belgeler nelerdir? Detaylı bilgi alabilir miyim?,ppap_belgeler
PPAP dokümanları neler? Kısaca açıklar mısınız?,ppap_belgeler
PPAP için gerekli belgeler nelerdir? Detaylı bilgi alabilir miyim?,ppap_belgeler
PPAP dokümanları neler? Rica etsem açıklar mısınız?,ppap_belgeler
PPAP onay süreci nasıl işler? Kısaca açıklar mısınız?,ppap_onay_sureci
PPAP onayı kim tarafından yapılır? Kısaca açıklar mısınız?,ppap_onay_sureci
Parça onayı nasıl verilir? Detaylı bilgi alabilir miyim?,ppap_onay_sureci
Parça onayı nasıl verilir? Detaylı bilgi alabilir miyim?,ppap_onay_sureci
PPAP onayı kim tarafından yapılır? Kısaca açıklar mısınız?,ppap_onay_sureci
PPAP onay süreci nasıl işler? Örnek verebilir misiniz?,ppap_onay_sureci
PPAP onayı kim tarafından yapılır? Kısaca açıklar mısınız?,ppap_onay_sureci
PPAP onayı kim tarafından yapılır? Kısaca açıklar mısınız?,ppap_onay_sureci
Parça onayı nasıl verilir? Detaylı bilgi alabilir miyim?,ppap_onay_sureci
PPAP onay süreci nasıl işler?,ppap_onay_sureci
PPAP onay süreci nasıl işler? Detaylı bilgi alabilir miyim?,ppap_onay_sureci
PPAP onayı kim tarafından yapılır? Detaylı bilgi alabilir miyim?,ppap_onay_sureci
PPAP onayı kim tarafından yapılır? Detaylı bilgi alabilir miyim?,ppap_onay_sureci
Parça onayı nasıl verilir? Detaylı bilgi alabilir miyim?,ppap_onay_sureci
PPAP onay süreci nasıl işler?,ppap_onay_sureci
PPAP onay süreci nasıl işler? Kısaca açıklar mısınız?,ppap_onay_sureci
PPAP onayı kim tarafından yapılır?,ppap_onay_sureci
Parça onayı nasıl verilir? Örnek verebilir misiniz?,ppap_onay_sureci
PPAP onay süreci nasıl işler? Rica etsem açıklar mısınız?,ppap_onay_sureci
PPAP onay süreci nasıl işler? Rica etsem açıklar mısınız?,ppap_onay_sureci
PPAP onay süreci nasıl işler? Rica etsem açıklar mısınız?,ppap_onay_sureci
Parça onayı nasıl verilir? Örnek verebilir misiniz?,ppap_onay_sureci
Parça onayı nasıl verilir?,ppap_onay_sureci
PPAP onayı kim tarafından yapılır? Detaylı bilgi alabilir miyim?,ppap_onay_sureci
Parça onayı nasıl verilir? Rica etsem açıklar mısınız?,ppap_onay_sureci
PPAP onayı kim tarafından yapılır?,ppap_onay_sureci
PPAP onay süreci nasıl işler? Örnek verebilir misiniz?,ppap_onay_sureci
PPAP onay süreci nasıl işler? Rica etsem açıklar mısınız?,ppap_onay_sureci
PPAP onayı kim tarafından yapılır? Detaylı bilgi alabilir miyim?,ppap_onay_sureci
PPAP onayı kim tarafından yapılır? Kısaca açıklar mısınız?,ppap_onay_sureci
Parça onayı nasıl verilir? Detaylı bilgi alabilir miyim?,ppap_onay_sureci
PPAP onay süreci nasıl işler? Örnek verebilir misiniz?,ppap_onay_sureci
PPAP onayı kim tarafından yapılır? Kısaca açıklar mısınız?,ppap_onay_sureci
PPAP onayı kim tarafından yapılır? Rica etsem açıklar mısınız?,ppap_onay_sureci
PPAP onay süreci nasıl işler? Örnek verebilir misiniz?,ppap_onay_sureci
Parça onayı nasıl verilir? Detaylı bilgi alabilir miyim?,ppap_onay_sureci
PPAP onayı kim tarafından yapılır?,ppap_onay_sureci
PPAP onay süreci nasıl işler? Rica etsem açıklar mısınız?,ppap_onay_sureci
PPAP onay süreci nasıl işler? Rica etsem açıklar mısınız?,ppap_onay_sureci
PPAP onayı kim tarafından yapılır? Detaylı bilgi alabilir miyim?,ppap_onay_sureci
Parça onayı nasıl verilir? Rica etsem açıklar mısınız?,ppap_onay_sureci
PPAP onay süreci nasıl işler? Rica etsem açıklar mısınız?,ppap_onay_sureci
Parça onayı nasıl verilir? Detaylı bilgi alabilir miyim?,ppap_onay_sureci
PPAP onay süreci nasıl işler? Detaylı bilgi alabilir miyim?,ppap_onay_sureci
PPAP onayı kim tarafından yapılır? Kısaca açıklar mısınız?,ppap_onay_sureci
Parça onayı nasıl verilir? Kısaca açıklar mısınız?,ppap_onay_sureci
Parça onayı nasıl verilir? Kısaca açıklar mısınız?,ppap_onay_sureci
PPAP onayı kim tarafından yapılır?,ppap_onay_sureci
PPAP onay süreci nasıl işler? Rica etsem açıklar mısınız?,ppap_onay_sureci
Parça onayı nasıl verilir? Örnek verebilir misiniz?,ppap_onay_sureci
Parça onayı nasıl verilir? Örnek verebilir misiniz?,ppap_onay_sureci
Parça onayı nasıl verilir? Rica etsem açıklar mısınız?,ppap_onay_sureci
PPAP onayı kim tarafından yapılır?,ppap_onay_sureci
PPAP onayı kim tarafından yapılır?,ppap_onay_sureci
PPAP onayı kim tarafından yapılır?,ppap_onay_sureci
PPAP onay süreci nasıl işler? Kısaca açıklar mısınız?,ppap_onay_sureci
PPAP onayı kim tarafından yapılır? Detaylı bilgi alabilir miyim?,ppap_onay_sureci
Parça onayı nasıl verilir? Rica etsem açıklar mısınız?,ppap_onay_sureci
PPAP onayı kim tarafından yapılır? Detaylı bilgi alabilir miyim?,ppap_onay_sureci
Parça onayı nasıl verilir? Detaylı bilgi alabilir miyim?,ppap_onay_sureci
APQP hakkında genel bilgi verir misiniz?,apqp_nedir
APQP süreci nedir? Kısaca açıklar mısınız?,apqp_nedir
APQP süreci nedir? Kısaca açıklar mısınız?,apqp_nedir
APQP süreci nedir? Detaylı bilgi alabilir miyim?,apqp_nedir
APQP hakkında genel bilgi verir misiniz? Örnek verebilir misiniz?,apqp_nedir
APQP neden uygulanır? Örnek verebilir misiniz?,apqp_nedir
APQP neden uygulanır? Örnek verebilir misiniz?,apqp_nedir
APQP hakkında genel bilgi verir misiniz? Detaylı bilgi alabilir miyim?,apqp_nedir
APQP süreci nedir? Örnek verebilir misiniz?,apqp_nedir
APQP hakkında genel bilgi verir misiniz? Örnek verebilir misiniz?,apqp_nedir
APQP neden uygulanır?,apqp_nedir
APQP süreci nedir?,apqp_nedir
APQP hakkında genel bilgi verir misiniz? Örnek verebilir misiniz?,apqp_nedir
APQP neden uygulanır?,apqp_nedir
APQP neden uygulanır? Detaylı bilgi alabilir miyim?,apqp_nedir
APQP hakkında genel bilgi verir misiniz? Kısaca açıklar mısınız?,apqp_nedir
APQP süreci nedir? Detaylı bilgi alabilir miyim?,apqp_nedir
APQP neden uygulanır? Rica etsem açıklar mısınız?,apqp_nedir
APQP süreci nedir?,apqp_nedir
APQP neden uygulanır? Rica etsem açıklar mısınız?,apqp_nedir
APQP süreci nedir? Rica etsem açıklar mısınız?,apqp_nedir
APQP süreci nedir? Rica etsem açıklar mısınız?,apqp_nedir
APQP neden uygulanır? Detaylı bilgi alabilir miyim?,apqp_nedir
APQP neden uygulanır? Kısaca açıklar mısınız?,apqp_nedir
APQP neden uygulanır? Örnek verebilir misiniz?,apqp_nedir
APQP neden uygulanır? Rica etsem açıklar mısınız?,apqp_nedir
APQP neden uygulanır?,apqp_nedir
APQP hakkında genel bilgi verir misiniz?,apqp_nedir
APQP neden uygulanır?,apqp_nedir
APQP hakkında genel bilgi verir misiniz? Detaylı bilgi alabilir miyim?,apqp_nedir
APQP süreci nedir? Detaylı bilgi alabilir miyim?,apqp_nedir
APQP süreci nedir? Kısaca açıklar mısınız?,apqp_nedir
APQP neden uygulanır? Örnek verebilir misiniz?,apqp_nedir
APQP süreci nedir? Rica etsem açıklar mısınız?,apqp_nedir
APQP neden uygulanır? Kısaca açıklar mısınız?,apqp_nedir
APQP hakkında genel bilgi verir misiniz?,apqp_nedir
APQP neden uygulanır? Örnek verebilir misiniz?,apqp_nedir
APQP neden uygulanır? Rica etsem açıklar mısınız?,apqp_nedir
APQP süreci nedir? Örnek verebilir misiniz?,apqp_nedir
APQP hakkında genel bilgi verir misiniz?,apqp_nedir
APQP hakkında genel bilgi verir misiniz? Detaylı bilgi alabilir miyim?,apqp_nedir
APQP neden uygulanır? Detaylı bilgi alabilir miyim?,apqp_nedir
APQP süreci nedir? Detaylı bilgi alabilir miyim?,apqp_nedir
APQP süreci nedir? Rica etsem açıklar mısınız?,apqp_nedir
APQP süreci nedir?,apqp_nedir
APQP hakkında genel bilgi verir misiniz? Rica etsem açıklar mısınız?,apqp_nedir
APQP neden uygulanır?,apqp_nedir
APQP süreci nedir? Detaylı bilgi alabilir miyim?,apqp_nedir
APQP hakkında genel bilgi verir misiniz? Detaylı bilgi alabilir miyim?,apqp_nedir
APQP süreci nedir?,apqp_nedir
APQP süreci nedir? Kısaca açıklar mısınız?,apqp_nedir
APQP süreci nedir? Örnek verebilir misiniz?,apqp_nedir
APQP süreci nedir?,apqp_nedir
APQP süreci nedir? Detaylı bilgi alabilir miyim?,apqp_nedir
APQP hakkında genel bilgi verir misiniz? Detaylı bilgi alabilir miyim?,apqp_nedir
APQP neden uygulanır?,apqp_nedir
APQP süreci nedir? Rica etsem açıklar mısınız?,apqp_nedir
APQP neden uygulanır?,apqp_nedir
APQP neden uygulanır? Örnek verebilir misiniz?,apqp_nedir
APQP hakkında genel bilgi verir misiniz? Detaylı bilgi alabilir miyim?,apqp_nedir
APQP'nin aşamaları nelerdir? Örnek verebilir misiniz?,apqp_adimlari
APQP'nin aşamaları nelerdir? Kısaca açıklar mısınız?,apqp_adimlari
APQP sürecinin adımları nedir? Rica etsem açıklar mısınız?,apqp_adimlari
APQP'nin aşamaları nelerdir? Kısaca açıklar mısınız?,apqp_adimlari
APQP sürecinin adımları nedir? Örnek verebilir misiniz?,apqp_adimlari
APQP'nin aşamaları nelerdir? Kısaca açıklar mısınız?,apqp_adimlari
APQP sürecinin adımları nedir? Detaylı bilgi alabilir miyim?,apqp_adimlari
APQP sürecinin adımları nedir? Rica etsem açıklar mısınız?,apqp_adimlari
APQP'nin aşamaları nelerdir? Rica etsem açıklar mısınız?,apqp_adimlari
APQP'nin aşamaları nelerdir?,apqp_adimlari
Hangi aşamalardan oluşur? Örnek verebilir misiniz?,apqp_adimlari
Hangi aşamalardan oluşur? Kısaca açıklar mısınız?,apqp_adimlari
Hangi aşamalardan oluşur? Detaylı bilgi alabilir miyim?,apqp_adimlari
APQP sürecinin adımları nedir? Örnek verebilir misiniz?,apqp_adimlari
APQP sürecinin adımları nedir? Kısaca açıklar mısınız?,apqp_adimlari
APQP sürecinin adımları nedir? Rica etsem açıklar mısınız?,apqp_adimlari
Hangi aşamalardan oluşur?,apqp_adimlari
APQP'nin aşamaları nelerdir?,apqp_adimlari
APQP sürecinin adımları nedir? Örnek verebilir misiniz?,apqp_adimlari
APQP sürecinin adımları nedir? Örnek verebilir misiniz?,apqp_adimlari
APQP sürecinin adımları nedir? Detaylı bilgi alabilir miyim?,apqp_adimlari
APQP sürecinin adımları nedir? Detaylı bilgi alabilir miyim?,apqp_adimlari
APQP sürecinin adımları nedir?,apqp_adimlari
Hangi aşamalardan oluşur? Detaylı bilgi alabilir miyim?,apqp_adimlari
Hangi aşamalardan oluşur?,apqp_adimlari
Hangi aşamalardan oluşur? Rica etsem açıklar mısınız?,apqp_adimlari
APQP'nin aşamaları nelerdir?,apqp_adimlari
Hangi aşamalardan oluşur?,apqp_adimlari
Hangi aşamalardan oluşur? Detaylı bilgi alabilir miyim?,apqp_adimlari
APQP'nin aşamaları nelerdir? Detaylı bilgi alabilir miyim?,apqp_adimlari
Hangi aşamalardan oluşur? Detaylı bilgi alabilir miyim?,apqp_adimlari
APQP'nin aşamaları nelerdir? Rica etsem açıklar mısınız?,apqp_adimlari
APQP'nin aşamaları nelerdir? Detaylı bilgi alabilir miyim?,apqp_adimlari
Hangi aşamalardan oluşur? Örnek verebilir misiniz?,apqp_adimlari
APQP'nin aşamaları nelerdir? Detaylı bilgi alabilir miyim?,apqp_adimlari
APQP sürecinin adımları nedir? Detaylı bilgi alabilir miyim?,apqp_adimlari
APQP'nin aşamaları nelerdir? Rica etsem açıklar mısınız?,apqp_adimlari
APQP sürecinin adımları nedir? Rica etsem açıklar mısınız?,apqp_adimlari
APQP sürecinin adımları nedir? Kısaca açıklar mısınız?,apqp_adimlari
Hangi aşamalardan oluşur? Rica etsem açıklar mısınız?,apqp_adimlari
Hangi aşamalardan oluşur? Kısaca açıklar mısınız?,apqp_adimlari
Hangi aşamalardan oluşur? Rica etsem açıklar mısınız?,apqp_adimlari
APQP'nin aşamaları nelerdir? Detaylı bilgi alabilir miyim?,apqp_adimlari
Hangi aşamalardan oluşur? Örnek verebilir misiniz?,apqp_adimlari
Hangi aşamalardan oluşur? Detaylı bilgi alabilir miyim?,apqp_adimlari
Hangi aşamalardan oluşur? Detaylı bilgi alabilir miyim?,apqp_adimlari
APQP'nin aşamaları nelerdir? Detaylı bilgi alabilir miyim?,apqp_adimlari
APQP sürecinin adımları nedir?,apqp_adimlari
APQP sürecinin adımları nedir? Örnek verebilir misiniz?,apqp_adimlari
Hangi aşamalardan oluşur? Detaylı bilgi alabilir miyim?,apqp_adimlari
APQP sürecinin adımları nedir? Detaylı bilgi alabilir miyim?,apqp_adimlari
APQP sürecinin adımları nedir? Rica etsem açıklar mısınız?,apqp_adimlari
APQP sürecinin adımları nedir? Rica etsem açıklar mısınız?,apqp_adimlari
Hangi aşamalardan oluşur?,apqp_adimlari
APQP'nin aşamaları nelerdir?,apqp_adimlari
APQP sürecinin adımları nedir?,apqp_adimlari
APQP sürecinin adımları nedir? Rica etsem açıklar mısınız?,apqp_adimlari
APQP'nin aşamaları nelerdir? Kısaca açıklar mısınız?,apqp_adimlari
Hangi aşamalardan oluşur? Örnek verebilir misiniz?,apqp_adimlari
Hangi aşamalardan oluşur? Örnek verebilir misiniz?,apqp_adimlari
APQP checklist nedir?,apqp_checklist
APQP kontrol listesi örneği var mı? Rica etsem açıklar mısınız?,apqp_checklist
APQP checklist nedir? Rica etsem açıklar mısınız?,apqp_checklist
APQP kontrol listesinde neler var? Detaylı bilgi alabilir miyim?,apqp_checklist
APQP checklist nedir? Örnek verebilir misiniz?,apqp_checklist
APQP kontrol listesinde neler var? Örnek verebilir misiniz?,apqp_checklist
APQP kontrol listesinde neler var? Kısaca açıklar mısınız?,apqp_checklist
APQP kontrol listesi örneği var mı? Kısaca açıklar mısınız?,apqp_checklist
APQP kontrol listesi örneği var mı? Kısaca açıklar mısınız?,apqp_checklist
APQP kontrol listesinde neler var? Rica etsem açıklar mısınız?,apqp_checklist
APQP kontrol listesi örneği var mı? Detaylı bilgi alabilir miyim?,apqp_checklist
APQP checklist nedir? Rica etsem açıklar mısınız?,apqp_checklist
APQP kontrol listesi örneği var mı?,apqp_checklist
APQP checklist nedir? Kısaca açıklar mısınız?,apqp_checklist
APQP checklist nedir? Rica etsem açıklar mısınız?,apqp_checklist
APQP checklist nedir? Detaylı bilgi alabilir miyim?,apqp_checklist
APQP checklist nedir? Rica etsem açıklar mısınız?,apqp_checklist
APQP kontrol listesi örneği var mı? Örnek verebilir misiniz?,apqp_checklist
APQP kontrol listesi örneği var mı? Örnek verebilir misiniz?,apqp_checklist
APQP kontrol listesinde neler var?,apqp_checklist
APQP kontrol listesinde neler var? Detaylı bilgi alabilir miyim?,apqp_checklist
APQP kontrol listesi örneği var mı? Örnek verebilir misiniz?,apqp_checklist
APQP kontrol listesinde neler var? Rica etsem açıklar mısınız?,apqp_checklist
APQP kontrol listesi örneği var mı? Kısaca açıklar mısınız?,apqp_checklist
APQP kontrol listesinde neler var?,apqp_checklist
APQP checklist nedir? Detaylı bilgi alabilir miyim?,apqp_checklist
APQP checklist nedir? Kısaca açıklar mısınız?,apqp_checklist
APQP kontrol listesinde neler var? Rica etsem açıklar mısınız?,apqp_checklist
APQP checklist nedir? Detaylı bilgi alabilir miyim?,apqp_checklist
APQP kontrol listesinde neler var?,apqp_checklist
APQP kontrol listesinde neler var?,apqp_checklist
APQP checklist nedir? Rica etsem açıklar mısınız?,apqp_checklist
APQP kontrol listesinde neler var? Örnek verebilir misiniz?,apqp_checklist
APQP kontrol listesinde neler var? Rica etsem açıklar mısınız?,apqp_checklist
APQP kontrol listesi örneği var mı? Detaylı bilgi alabilir miyim?,apqp_checklist
APQP kontrol listesinde neler var? Rica etsem açıklar mısınız?,apqp_checklist
APQP kontrol listesi örneği var mı?,apqp_checklist
APQP kontrol listesi örneği var mı? Detaylı bilgi alabilir miyim?,apqp_checklist
APQP checklist nedir? Kısaca açıklar mısınız?,apqp_checklist
APQP checklist nedir? Detaylı bilgi alabilir miyim?,apqp_checklist
APQP checklist nedir? Kısaca açıklar mısınız?,apqp_checklist
APQP kontrol listesi örneği var mı? Rica etsem açıklar mısınız?,apqp_checklist
APQP kontrol listesi örneği var mı? Kısaca açıklar mısınız?,apqp_checklist
APQP kontrol listesi örneği var mı? Kısaca açıklar mısınız?,apqp_checklist
APQP kontrol listesi örneği var mı? Kısaca açıklar mısınız?,apqp_checklist
APQP kontrol listesi örneği var mı?,apqp_checklist
APQP kontrol listesi örneği var mı? Rica etsem açıklar mısınız?,apqp_checklist
APQP kontrol listesinde neler var? Rica etsem açıklar mısınız?,apqp_checklist
APQP kontrol listesi örneği var mı? Kısaca açıklar mısınız?,apqp_checklist
APQP kontrol listesi örneği var mı? Kısaca açıklar mısınız?,apqp_checklist
APQP kontrol listesi örneği var mı? Kısaca açıklar mısınız?,apqp_checklist
APQP checklist nedir? Örnek verebilir misiniz?,apqp_checklist
APQP kontrol listesi örneği var mı? Rica etsem açıklar mısınız?,apqp_checklist
APQP kontrol listesi örneği var mı?,apqp_checklist
APQP kontrol listesi örneği var mı? Kısaca açıklar mısınız?,apqp_checklist
APQP kontrol listesi örneği var mı? Örnek verebilir misiniz?,apqp_checklist
APQP kontrol listesinde neler var? Kısaca açıklar mısınız?,apqp_checklist
APQP kontrol listesinde neler var? Detaylı bilgi alabilir miyim?,apqp_checklist
APQP kontrol listesinde neler var?,apqp_checklist
APQP checklist nedir? Detaylı bilgi alabilir miyim?,apqp_checklist
Homologasyon süreci nasıl başlatılır? Rica etsem açıklar mısınız?,homologasyon_nedir
Homologasyon neden gereklidir? Örnek verebilir misiniz?,homologasyon_nedir
Homologasyon neden gereklidir? Kısaca açıklar mısınız?,homologasyon_nedir
Homologasyon süreci nasıl başlatılır? Örnek verebilir misiniz?,homologasyon_nedir
Homologasyon süreci nasıl başlatılır? Rica etsem açıklar mısınız?,homologasyon_nedir
Homologasyon süreci nasıl başlatılır? Örnek verebilir misiniz?,homologasyon_nedir
Homologasyon ne anlama gelir?,homologasyon_nedir
Homologasyon ne anlama gelir? Kısaca açıklar mısınız?,homologasyon_nedir
Homologasyon neden gereklidir? Detaylı bilgi alabilir miyim?,homologasyon_nedir
Homologasyon süreci nasıl başlatılır? Örnek verebilir misiniz?,homologasyon_nedir
Homologasyon neden gereklidir? Rica etsem açıklar mısınız?,homologasyon_nedir
Homologasyon süreci nasıl başlatılır? Detaylı bilgi alabilir miyim?,homologasyon_nedir
Homologasyon neden gereklidir? Rica etsem açıklar mısınız?,homologasyon_nedir
Homologasyon neden gereklidir? Kısaca açıklar mısınız?,homologasyon_nedir
Homologasyon süreci nasıl başlatılır? Detaylı bilgi alabilir miyim?,homologasyon_nedir
Homologasyon ne anlama gelir?,homologasyon_nedir
Homologasyon neden gereklidir? Örnek verebilir misiniz?,homologasyon_nedir
Homologasyon neden gereklidir? Kısaca açıklar mısınız?,homologasyon_nedir
Homologasyon ne anlama gelir? Kısaca açıklar mısınız?,homologasyon_nedir
Homologasyon neden gereklidir? Detaylı bilgi alabilir miyim?,homologasyon_nedir
Homologasyon süreci nasıl başlatılır? Rica etsem açıklar mısınız?,homologasyon_nedir
Homologasyon süreci nasıl başlatılır? Örnek verebilir misiniz?,homologasyon_nedir
Homologasyon neden gereklidir? Kısaca açıklar mısınız?,homologasyon_nedir
Homologasyon ne anlama gelir? Kısaca açıklar mısınız?,homologasyon_nedir
Homologasyon süreci nasıl başlatılır?,homologasyon_nedir
Homologasyon neden gereklidir? Rica etsem açıklar mısınız?,homologasyon_nedir
Homologasyon neden gereklidir? Örnek verebilir misiniz?,homologasyon_nedir
Homologasyon neden gereklidir? Detaylı bilgi alabilir miyim?,homologasyon_nedir
Homologasyon süreci nasıl başlatılır? Detaylı bilgi alabilir miyim?,homologasyon_nedir
Homologasyon süreci nasıl başlatılır? Rica etsem açıklar mısınız?,homologasyon_nedir
Homologasyon ne anlama gelir? Örnek verebilir misiniz?,homologasyon_nedir
Homologasyon süreci nasıl başlatılır? Kısaca açıklar mısınız?,homologasyon_nedir
Homologasyon ne anlama gelir? Detaylı bilgi alabilir miyim?,homologasyon_nedir
Homologasyon ne anlama gelir? Örnek verebilir misiniz?,homologasyon_nedir
Homologasyon ne anlama gelir? Rica etsem açıklar mısınız?,homologasyon_nedir
Homologasyon neden gereklidir? Rica etsem açıklar mısınız?,homologasyon_nedir
Homologasyon süreci nasıl başlatılır? Örnek verebilir misiniz?,homologasyon_nedir
Homologasyon neden gereklidir? Rica etsem açıklar mısınız?,homologasyon_nedir
Homologasyon ne anlama gelir? Detaylı bilgi alabilir miyim?,homologasyon_nedir
Homologasyon neden gereklidir? Kısaca açıklar mısınız?,homologasyon_nedir
Homologasyon neden gereklidir? Rica etsem açıklar mısınız?,homologasyon_nedir
Homologasyon süreci nasıl başlatılır?,homologasyon_nedir
Homologasyon ne anlama gelir? Detaylı bilgi alabilir miyim?,homologasyon_nedir
Homologasyon neden gereklidir? Rica etsem açıklar mısınız?,homologasyon_nedir
Homologasyon süreci nasıl başlatılır?,homologasyon_nedir
Homologasyon ne anlama gelir? Örnek verebilir misiniz?,homologasyon_nedir
Homologasyon neden gereklidir? Kısaca açıklar mısınız?,homologasyon_nedir
Homologasyon ne anlama gelir? Örnek verebilir misiniz?,homologasyon_nedir
Homologasyon neden gereklidir? Detaylı bilgi alabilir miyim?,homologasyon_nedir
Homologasyon neden gereklidir? Örnek verebilir misiniz?,homologasyon_nedir
Homologasyon süreci nasıl başlatılır? Rica etsem açıklar mısınız?,homologasyon_nedir
Homologasyon ne anlama gelir? Kısaca açıklar mısınız?,homologasyon_nedir
Homologasyon süreci nasıl başlatılır? Örnek verebilir misiniz?,homologasyon_nedir
Homologasyon ne anlama gelir?,homologasyon_nedir
Homologasyon ne anlama gelir? Örnek verebilir misiniz?,homologasyon_nedir
Homologasyon süreci nasıl başlatılır? Detaylı bilgi alabilir miyim?,homologasyon_nedir
Homologasyon ne anlama gelir? Detaylı bilgi alabilir miyim?,homologasyon_nedir
Homologasyon süreci nasıl başlatılır? Detaylı bilgi alabilir miyim?,homologasyon_nedir
Homologasyon süreci nasıl başlatılır? Örnek verebilir misiniz?,homologasyon_nedir
Homologasyon neden gereklidir? Örnek verebilir misiniz?,homologasyon_nedir
Homologasyon için hangi belgeler gerekiyor? Kısaca açıklar mısınız?,homologasyon_belgeler
Homologasyon için hangi belgeler gerekiyor? Örnek verebilir misiniz?,homologasyon_belgeler
Gerekli homologasyon dökümanları nelerdir? Kısaca açıklar mısınız?,homologasyon_belgeler
Gerekli homologasyon dökümanları nelerdir? Örnek verebilir misiniz?,homologasyon_belgeler
Gerekli homologasyon dökümanları nelerdir?,homologasyon_belgeler
Homologasyon için hangi belgeler gerekiyor? Rica etsem açıklar mısınız?,homologasyon_belgeler
Gerekli homologasyon dökümanları nelerdir? Kısaca açıklar mısınız?,homologasyon_belgeler
Homologasyon evrak listesi nedir? Örnek verebilir misiniz?,homologasyon_belgeler
Homologasyon evrak listesi nedir? Detaylı bilgi alabilir miyim?,homologasyon_belgeler
Homologasyon için hangi belgeler gerekiyor?,homologasyon_belgeler
Gerekli homologasyon dökümanları nelerdir? Kısaca açıklar mısınız?,homologasyon_belgeler
Homologasyon evrak listesi nedir?,homologasyon_belgeler
Homologasyon için hangi belgeler gerekiyor? Örnek verebilir misiniz?,homologasyon_belgeler
Homologasyon için hangi belgeler gerekiyor? Rica etsem açıklar mısınız?,homologasyon_belgeler
Gerekli homologasyon dökümanları nelerdir? Kısaca açıklar mısınız?,homologasyon_belgeler
Homologasyon evrak listesi nedir?,homologasyon_belgeler
Gerekli homologasyon dökümanları nelerdir?,homologasyon_belgeler
Gerekli homologasyon dökümanları nelerdir? Örnek verebilir misiniz?,homologasyon_belgeler
Homologasyon için hangi belgeler gerekiyor? Detaylı bilgi alabilir miyim?,homologasyon_belgeler
Homologasyon evrak listesi nedir? Rica etsem açıklar mısınız?,homologasyon_belgeler
Homologasyon için hangi belgeler gerekiyor? Detaylı bilgi alabilir miyim?,homologasyon_belgeler
Homologasyon evrak listesi nedir? Rica etsem açıklar mısınız?,homologasyon_belgeler
Gerekli homologasyon dökümanları nelerdir? Detaylı bilgi alabilir miyim?,homologasyon_belgeler
Gerekli homologasyon dökümanları nelerdir?,homologasyon_belgeler
Homologasyon için hangi belgeler gerekiyor? Rica etsem açıklar mısınız?,homologasyon_belgeler
Homologasyon evrak listesi nedir? Detaylı bilgi alabilir miyim?,homologasyon_belgeler
Homologasyon evrak listesi nedir? Rica etsem açıklar mısınız?,homologasyon_belgeler
Homologasyon evrak listesi nedir?,homologasyon_belgeler
Gerekli homologasyon dökümanları nelerdir? Detaylı bilgi alabilir miyim?,homologasyon_belgeler
Homologasyon için hangi belgeler gerekiyor? Rica etsem açıklar mısınız?,homologasyon_belgeler
Homologasyon için hangi belgeler gerekiyor?,homologasyon_belgeler
Homologasyon için hangi belgeler gerekiyor? Kısaca açıklar mısınız?,homologasyon_belgeler
Homologasyon için hangi belgeler gerekiyor?,homologasyon_belgeler
Homologasyon evrak listesi nedir?,homologasyon_belgeler
Gerekli homologasyon dökümanları nelerdir? Örnek verebilir misiniz?,homologasyon_belgeler
Homologasyon evrak listesi nedir? Kısaca açıklar mısınız?,homologasyon_belgeler
Gerekli homologasyon dökümanları nelerdir? Kısaca açıklar mısınız?,homologasyon_belgeler
Gerekli homologasyon dökümanları nelerdir?,homologasyon_belgeler
Homologasyon için hangi belgeler gerekiyor? Detaylı bilgi alabilir miyim?,homologasyon_belgeler
Gerekli homologasyon dökümanları nelerdir? Detaylı bilgi alabilir miyim?,homologasyon_belgeler
Homologasyon için hangi belgeler gerekiyor? Örnek verebilir misiniz?,homologasyon_belgeler
Homologasyon için hangi belgeler gerekiyor? Detaylı bilgi alabilir miyim?,homologasyon_belgeler
Homologasyon evrak listesi nedir?,homologasyon_belgeler
Homologasyon evrak listesi nedir? Örnek verebilir misiniz?,homologasyon_belgeler
Gerekli homologasyon dökümanları nelerdir? Detaylı bilgi alabilir miyim?,homologasyon_belgeler
Homologasyon evrak listesi nedir?,homologasyon_belgeler
Gerekli homologasyon dökümanları nelerdir? Detaylı bilgi alabilir miyim?,homologasyon_belgeler
Homologasyon için hangi belgeler gerekiyor? Kısaca açıklar mısınız?,homologasyon_belgeler
Homologasyon evrak listesi nedir? Detaylı bilgi alabilir miyim?,homologasyon_belgeler
Homologasyon evrak listesi nedir? Kısaca açıklar mısınız?,homologasyon_belgeler
Homologasyon evrak listesi nedir? Detaylı bilgi alabilir miyim?,homologasyon_belgeler
Homologasyon evrak listesi nedir? Rica etsem açıklar mısınız?,homologasyon_belgeler
Homologasyon evrak listesi nedir? Kısaca açıklar mısınız?,homologasyon_belgeler
Homologasyon evrak listesi nedir? Örnek verebilir misiniz?,homologasyon_belgeler
Gerekli homologasyon dökümanları nelerdir? Detaylı bilgi alabilir miyim?,homologasyon_belgeler
Homologasyon için hangi belgeler gerekiyor? Örnek verebilir misiniz?,homologasyon_belgeler
Gerekli homologasyon dökümanları nelerdir? Detaylı bilgi alabilir miyim?,homologasyon_belgeler
Homologasyon için hangi belgeler gerekiyor? Detaylı bilgi alabilir miyim?,homologasyon_belgeler
Homologasyon için hangi belgeler gerekiyor? Rica etsem açıklar mısınız?,homologasyon_belgeler
Homologasyon evrak listesi nedir? Rica etsem açıklar mısınız?,homologasyon_belgeler
Hangi testler homologasyon için yapılır? Örnek verebilir misiniz?,homologasyon_testleri
Homologasyon testleri nelerdir? Rica etsem açıklar mısınız?,homologasyon_testleri
Test süreçleri nedir?,homologasyon_testleri
Hangi testler homologasyon için yapılır? Detaylı bilgi alabilir miyim?,homologasyon_testleri
Homologasyon testleri nelerdir? Örnek verebilir misiniz?,homologasyon_testleri
Hangi testler homologasyon için yapılır? Detaylı bilgi alabilir miyim?,homologasyon_testleri
Homologasyon testleri nelerdir? Rica etsem açıklar mısınız?,homologasyon_testleri
Homologasyon testleri nelerdir?,homologasyon_testleri
Homologasyon testleri nelerdir? Kısaca açıklar mısınız?,homologasyon_testleri
Test süreçleri nedir? Rica etsem açıklar mısınız?,homologasyon_testleri
Homologasyon testleri nelerdir? Kısaca açıklar mısınız?,homologasyon_testleri
Homologasyon testleri nelerdir? Örnek verebilir misiniz?,homologasyon_testleri
Test süreçleri nedir? Örnek verebilir misiniz?,homologasyon_testleri
Homologasyon testleri nelerdir?,homologasyon_testleri
Hangi testler homologasyon için yapılır? Detaylı bilgi alabilir miyim?,homologasyon_testleri
Hangi testler homologasyon için yapılır?,homologasyon_testleri
Homologasyon testleri nelerdir? Örnek verebilir misiniz?,homologasyon_testleri
Homologasyon testleri nelerdir? Kısaca açıklar mısınız?,homologasyon_testleri
Hangi testler homologasyon için yapılır?,homologasyon_testleri
Homologasyon testleri nelerdir? Kısaca açıklar mısınız?,homologasyon_testleri
Homologasyon testleri nelerdir?,homologasyon_testleri
Homologasyon testleri nelerdir? Detaylı bilgi alabilir miyim?,homologasyon_testleri
Test süreçleri nedir?,homologasyon_testleri
Homologasyon testleri nelerdir? Detaylı bilgi alabilir miyim?,homologasyon_testleri
Test süreçleri nedir? Örnek verebilir misiniz?,homologasyon_testleri
Homologasyon testleri nelerdir? Kısaca açıklar mısınız?,homologasyon_testleri
Test süreçleri nedir? Detaylı bilgi alabilir miyim?,homologasyon_testleri
Hangi testler homologasyon için yapılır? Örnek verebilir misiniz?,homologasyon_testleri
Test süreçleri nedir? Kısaca açıklar mısınız?,homologasyon_testleri
Hangi testler homologasyon için yapılır? Rica etsem açıklar mısınız?,homologasyon_testleri
Test süreçleri nedir? Detaylı bilgi alabilir miyim?,homologasyon_testleri
Test süreçleri nedir?,homologasyon_testleri
Test süreçleri nedir?,homologasyon_testleri
Hangi testler homologasyon için yapılır? Örnek verebilir misiniz?,homologasyon_testleri
Test süreçleri nedir? Kısaca açıklar mısınız?,homologasyon_testleri
Test süreçleri nedir? Örnek verebilir misiniz?,homologasyon_testleri
Hangi testler homologasyon için yapılır? Detaylı bilgi alabilir miyim?,homologasyon_testleri
Test süreçleri nedir? Rica etsem açıklar mısınız?,homologasyon_testleri
Homologasyon testleri nelerdir? Örnek verebilir misiniz?,homologasyon_testleri
Hangi testler homologasyon için yapılır? Detaylı bilgi alabilir miyim?,homologasyon_testleri
Homologasyon testleri nelerdir? Örnek verebilir misiniz?,homologasyon_testleri
Homologasyon testleri nelerdir?,homologasyon_testleri
Hangi testler homologasyon için yapılır? Örnek verebilir misiniz?,homologasyon_testleri
Hangi testler homologasyon için yapılır? Örnek verebilir misiniz?,homologasyon_testleri
Test süreçleri nedir? Kısaca açıklar mısınız?,homologasyon_testleri
Homologasyon testleri nelerdir?,homologasyon_testleri
Homologasyon testleri nelerdir? Rica etsem açıklar mısınız?,homologasyon_testleri
Homologasyon testleri nelerdir? Detaylı bilgi alabilir miyim?,homologasyon_testleri
Test süreçleri nedir? Kısaca açıklar mısınız?,homologasyon_testleri
Homologasyon testleri nelerdir? Kısaca açıklar mısınız?,homologasyon_testleri
Test süreçleri nedir? Rica etsem açıklar mısınız?,homologasyon_testleri
Hangi testler homologasyon için yapılır? Detaylı bilgi alabilir miyim?,homologasyon_testleri
Hangi testler homologasyon için yapılır?,homologasyon_testleri
Homologasyon testleri nelerdir? Örnek verebilir misiniz?,homologasyon_testleri
Test süreçleri nedir? Rica etsem açıklar mısınız?,homologasyon_testleri
Test süreçleri nedir? Örnek verebilir misiniz?,homologasyon_testleri
Hangi testler homologasyon için yapılır? Örnek verebilir misiniz?,homologasyon_testleri
Homologasyon testleri nelerdir? Örnek verebilir misiniz?,homologasyon_testleri
Homologasyon testleri nelerdir? Detaylı bilgi alabilir miyim?,homologasyon_testleri
Hangi testler homologasyon için yapılır? Rica etsem açıklar mısınız?,homologasyon_testleri
FMEA neden önemlidir?,fmea_nedir
FMEA nedir?,fmea_nedir
FMEA nedir?,fmea_nedir
FMEA neden önemlidir?,fmea_nedir
FMEA neden önemlidir?,fmea_nedir
FMEA analizi nasıl yapılır?,fmea_nedir
FMEA neden önemlidir? Detaylı bilgi alabilir miyim?,fmea_nedir
FMEA nedir? Detaylı bilgi alabilir miyim?,fmea_nedir
FMEA nedir? Kısaca açıklar mısınız?,fmea_nedir
FMEA analizi nasıl yapılır?,fmea_nedir
FMEA analizi nasıl yapılır? Rica etsem açıklar mısınız?,fmea_nedir
FMEA analizi nasıl yapılır? Örnek verebilir misiniz?,fmea_nedir
FMEA nedir?,fmea_nedir
FMEA nedir?,fmea_nedir
FMEA neden önemlidir? Örnek verebilir misiniz?,fmea_nedir
FMEA neden önemlidir? Detaylı bilgi alabilir miyim?,fmea_nedir
FMEA neden önemlidir? Örnek verebilir misiniz?,fmea_nedir
FMEA neden önemlidir? Detaylı bilgi alabilir miyim?,fmea_nedir
FMEA nedir? Kısaca açıklar mısınız?,fmea_nedir
FMEA nedir? Örnek verebilir misiniz?,fmea_nedir
FMEA nedir?,fmea_nedir
FMEA neden önemlidir?,fmea_nedir
FMEA analizi nasıl yapılır? Detaylı bilgi alabilir miyim?,fmea_nedir
FMEA nedir? Örnek verebilir misiniz?,fmea_nedir
FMEA neden önemlidir? Rica etsem açıklar mısınız?,fmea_nedir
FMEA analizi nasıl yapılır? Örnek verebilir misiniz?,fmea_nedir
FMEA analizi nasıl yapılır? Örnek verebilir misiniz?,fmea_nedir
FMEA nedir? Kısaca açıklar mısınız?,fmea_nedir
FMEA neden önemlidir? Rica etsem açıklar mısınız?,fmea_nedir
FMEA neden önemlidir? Kısaca açıklar mısınız?,fmea_nedir
FMEA neden önemlidir? Rica etsem açıklar mısınız?,fmea_nedir
FMEA nedir?,fmea_nedir
FMEA analizi nasıl yapılır? Rica etsem açıklar mısınız?,fmea_nedir
FMEA nedir? Kısaca açıklar mısınız?,fmea_nedir
FMEA analizi nasıl yapılır? Rica etsem açıklar mısınız?,fmea_nedir
FMEA nedir?,fmea_nedir
FMEA analizi nasıl yapılır?,fmea_nedir
FMEA neden önemlidir?,fmea_nedir
FMEA analizi nasıl yapılır? Kısaca açıklar mısınız?,fmea_nedir
FMEA analizi nasıl yapılır?,fmea_nedir
FMEA analizi nasıl yapılır? Rica etsem açıklar mısınız?,fmea_nedir
FMEA nedir? Kısaca açıklar mısınız?,fmea_nedir
FMEA analizi nasıl yapılır? Örnek verebilir misiniz?,fmea_nedir
FMEA analizi nasıl yapılır? Kısaca açıklar mısınız?,fmea_nedir
FMEA neden önemlidir?,fmea_nedir
FMEA nedir? Kısaca açıklar mısınız?,fmea_nedir
FMEA analizi nasıl yapılır? Örnek verebilir misiniz?,fmea_nedir
FMEA analizi nasıl yapılır? Örnek verebilir misiniz?,fmea_nedir
FMEA neden önemlidir?,fmea_nedir
FMEA analizi nasıl yapılır? Kısaca açıklar mısınız?,fmea_nedir
FMEA neden önemlidir?,fmea_nedir
FMEA analizi nasıl yapılır? Örnek verebilir misiniz?,fmea_nedir
FMEA nedir? Kısaca açıklar mısınız?,fmea_nedir
FMEA neden önemlidir? Kısaca açıklar mısınız?,fmea_nedir
FMEA analizi nasıl yapılır? Rica etsem açıklar mısınız?,fmea_nedir
FMEA nedir?,fmea_nedir
FMEA analizi nasıl yapılır? Kısaca açıklar mısınız?,fmea_nedir
FMEA analizi nasıl yapılır?,fmea_nedir
FMEA neden önemlidir? Detaylı bilgi alabilir miyim?,fmea_nedir
FMEA neden önemlidir? Kısaca açıklar mısınız?,fmea_nedir
FMEA türleri nelerdir?,fmea_turleri
Tasarım FMEA ile Proses FMEA farkı nedir? Detaylı bilgi alabilir miyim?,fmea_turleri
Hangi FMEA türü ne zaman kullanılır? Kısaca açıklar mısınız?,fmea_turleri
Hangi FMEA türü ne zaman kullanılır? Örnek verebilir misiniz?,fmea_turleri
Tasarım FMEA ile Proses FMEA farkı nedir? Kısaca açıklar mısınız?,fmea_turleri
Hangi FMEA türü ne zaman kullanılır? Detaylı bilgi alabilir miyim?,fmea_turleri
Hangi FMEA türü ne zaman kullanılır? Detaylı bilgi alabilir miyim?,fmea_turleri
Hangi FMEA türü ne zaman kullanılır? Rica etsem açıklar mısınız?,fmea_turleri
Tasarım FMEA ile Proses FMEA farkı nedir? Kısaca açıklar mısınız?,fmea_turleri
FMEA türleri nelerdir? Örnek verebilir misiniz?,fmea_turleri
FMEA türleri nelerdir?,fmea_turleri
Tasarım FMEA ile Proses FMEA farkı nedir?,fmea_turleri
Tasarım FMEA ile Proses FMEA farkı nedir?,fmea_turleri
FMEA türleri nelerdir? Rica etsem açıklar mısınız?,fmea_turleri
Tasarım FMEA ile Proses FMEA farkı nedir? Rica etsem açıklar mısınız?,fmea_turleri
Hangi FMEA türü ne zaman kullanılır? Örnek verebilir misiniz?,fmea_turleri
FMEA türleri nelerdir? Rica etsem açıklar mısınız?,fmea_turleri
Hangi FMEA türü ne zaman kullanılır? Örnek verebilir misiniz?,fmea_turleri
FMEA türleri nelerdir? Örnek verebilir misiniz?,fmea_turleri
Hangi FMEA türü ne zaman kullanılır? Örnek verebilir misiniz?,fmea_turleri
Hangi FMEA türü ne zaman kullanılır? Örnek verebilir misiniz?,fmea_turleri
Hangi FMEA türü ne zaman kullanılır?,fmea_turleri
Tasarım FMEA ile Proses FMEA farkı nedir? Örnek verebilir misiniz?,fmea_turleri
Hangi FMEA türü ne zaman kullanılır? Örnek verebilir misiniz?,fmea_turleri
FMEA türleri nelerdir?,fmea_turleri
Hangi FMEA türü ne zaman kullanılır?,fmea_turleri
Tasarım FMEA ile Proses FMEA farkı nedir? Detaylı bilgi alabilir miyim?,fmea_turleri
Tasarım FMEA ile Proses FMEA farkı nedir?,fmea_turleri
Hangi FMEA türü ne zaman kullanılır?,fmea_turleri
Hangi FMEA türü ne zaman kullanılır? Rica etsem açıklar mısınız?,fmea_turleri
Hangi FMEA türü ne zaman kullanılır?,fmea_turleri
Tasarım FMEA ile Proses FMEA farkı nedir? Detaylı bilgi alabilir miyim?,fmea_turleri
Hangi FMEA türü ne zaman kullanılır?,fmea_turleri
Tasarım FMEA ile Proses FMEA farkı nedir? Detaylı bilgi alabilir miyim?,fmea_turleri
Hangi FMEA türü ne zaman kullanılır? Kısaca açıklar mısınız?,fmea_turleri
FMEA türleri nelerdir?,fmea_turleri
FMEA türleri nelerdir? Kısaca açıklar mısınız?,fmea_turleri
Hangi FMEA türü ne zaman kullanılır?,fmea_turleri
Hangi FMEA türü ne zaman kullanılır? Detaylı bilgi alabilir miyim?,fmea_turleri
Tasarım FMEA ile Proses FMEA farkı nedir? Rica etsem açıklar mısınız?,fmea_turleri
Tasarım FMEA ile Proses FMEA farkı nedir? Detaylı bilgi alabilir miyim?,fmea_turleri
Hangi FMEA türü ne zaman kullanılır? Detaylı bilgi alabilir miyim?,fmea_turleri
Hangi FMEA türü ne zaman kullanılır? Kısaca açıklar mısınız?,fmea_turleri
Hangi FMEA türü ne zaman kullanılır? Detaylı bilgi alabilir miyim?,fmea_turleri
FMEA türleri nelerdir? Örnek verebilir misiniz?,fmea_turleri
Hangi FMEA türü ne zaman kullanılır? Örnek verebilir misiniz?,fmea_turleri
Hangi FMEA türü ne zaman kullanılır? Detaylı bilgi alabilir miyim?,fmea_turleri
Hangi FMEA türü ne zaman kullanılır? Rica etsem açıklar mısınız?,fmea_turleri
Tasarım FMEA ile Proses FMEA farkı nedir? Örnek verebilir misiniz?,fmea_turleri
Tasarım FMEA ile Proses FMEA farkı nedir? Rica etsem açıklar mısınız?,fmea_turleri
Hangi FMEA türü ne zaman kullanılır? Örnek verebilir misiniz?,fmea_turleri
Tasarım FMEA ile Proses FMEA farkı nedir? Kısaca açıklar mısınız?,fmea_turleri
Tasarım FMEA ile Proses FMEA farkı nedir?,fmea_turleri
Tasarım FMEA ile Proses FMEA farkı nedir? Kısaca açıklar mısınız?,fmea_turleri
FMEA türleri nelerdir? Detaylı bilgi alabilir miyim?,fmea_turleri
Hangi FMEA türü ne zaman kullanılır? Örnek verebilir misiniz?,fmea_turleri
Tasarım FMEA ile Proses FMEA farkı nedir? Detaylı bilgi alabilir miyim?,fmea_turleri
FMEA türleri nelerdir? Rica etsem açıklar mısınız?,fmea_turleri
Tasarım FMEA ile Proses FMEA farkı nedir? Kısaca açıklar mısınız?,fmea_turleri
Hangi FMEA türü ne zaman kullanılır?,fmea_turleri
Kontrol planında neler yer alır?,kontrol_plani
Nasıl bir kontrol planı hazırlanır? Detaylı bilgi alabilir miyim?,kontrol_plani
Kontrol planında neler yer alır? Örnek verebilir misiniz?,kontrol_plani
Kontrol planında neler yer alır? Örnek verebilir misiniz?,kontrol_plani
Kontrol planı nedir? Detaylı bilgi alabilir miyim?,kontrol_plani
Nasıl bir kontrol planı hazırlanır? Rica etsem açıklar mısınız?,kontrol_plani
Nasıl bir kontrol planı hazırlanır? Örnek verebilir misiniz?,kontrol_plani
Kontrol planında neler yer alır? Örnek verebilir misiniz?,kontrol_plani
Kontrol planında neler yer alır?,kontrol_plani
Kontrol planında neler yer alır? Rica etsem açıklar mısınız?,kontrol_plani
Kontrol planında neler yer alır? Rica etsem açıklar mısınız?,kontrol_plani
Nasıl bir kontrol planı hazırlanır? Rica etsem açıklar mısınız?,kontrol_plani
Kontrol planı nedir? Kısaca açıklar mısınız?,kontrol_plani
Kontrol planı nedir? Kısaca açıklar mısınız?,kontrol_plani
Kontrol planı nedir? Detaylı bilgi alabilir miyim?,kontrol_plani
Kontrol planında neler yer alır? Örnek verebilir misiniz?,kontrol_plani
Kontrol planı nedir? Rica etsem açıklar mısınız?,kontrol_plani
Nasıl bir kontrol planı hazırlanır? Detaylı bilgi alabilir miyim?,kontrol_plani
Kontrol planında neler yer alır?,kontrol_plani
Kontrol planı nedir? Örnek verebilir misiniz?,kontrol_plani
Nasıl bir kontrol planı hazırlanır? Rica etsem açıklar mısınız?,kontrol_plani
Kontrol planı nedir?,kontrol_plani
Kontrol planında neler yer alır? Detaylı bilgi alabilir miyim?,kontrol_plani
Kontrol planı nedir? Detaylı bilgi alabilir miyim?,kontrol_plani
Nasıl bir kontrol planı hazırlanır? Örnek verebilir misiniz?,kontrol_plani
Kontrol planı nedir? Detaylı bilgi alabilir miyim?,kontrol_plani
Kontrol planı nedir? Örnek verebilir misiniz?,kontrol_plani
Nasıl bir kontrol planı hazırlanır? Kısaca açıklar mısınız?,kontrol_plani
Kontrol planı nedir? Örnek verebilir misiniz?,kontrol_plani
Nasıl bir kontrol planı hazırlanır? Örnek verebilir misiniz?,kontrol_plani
Nasıl bir kontrol planı hazırlanır?,kontrol_plani
Kontrol planında neler yer alır? Detaylı bilgi alabilir miyim?,kontrol_plani
Kontrol planında neler yer alır? Detaylı bilgi alabilir miyim?,kontrol_plani
Kontrol planında neler yer alır? Detaylı bilgi alabilir miyim?,kontrol_plani
Nasıl bir kontrol planı hazırlanır? Detaylı bilgi alabilir miyim?,kontrol_plani
Kontrol planında neler yer alır? Örnek verebilir misiniz?,kontrol_plani
Nasıl bir kontrol planı hazırlanır? Rica etsem açıklar mısınız?,kontrol_plani
Nasıl bir kontrol planı hazırlanır?,kontrol_plani
Nasıl bir kontrol planı hazırlanır?,kontrol_plani
Kontrol planı nedir? Kısaca açıklar mısınız?,kontrol_plani
Kontrol planı nedir? Kısaca açıklar mısınız?,kontrol_plani
Kontrol planı nedir?,kontrol_plani
Kontrol planı nedir? Örnek verebilir misiniz?,kontrol_plani
Kontrol planında neler yer alır? Detaylı bilgi alabilir miyim?,kontrol_plani
Nasıl bir kontrol planı hazırlanır?,kontrol_plani
Kontrol planı nedir? Detaylı bilgi alabilir miyim?,kontrol_plani
Kontrol planı nedir?,kontrol_plani
Kontrol planı nedir?,kontrol_plani
Kontrol planı nedir? Detaylı bilgi alabilir miyim?,kontrol_plani
Kontrol planında neler yer alır? Detaylı bilgi alabilir miyim?,kontrol_plani
Kontrol planı nedir? Rica etsem açıklar mısınız?,kontrol_plani
Kontrol planı nedir? Rica etsem açıklar mısınız?,kontrol_plani
Kontrol planında neler yer alır?,kontrol_plani
Kontrol planı nedir?,kontrol_plani
Kontrol planı nedir? Detaylı bilgi alabilir miyim?,kontrol_plani
Nasıl bir kontrol planı hazırlanır?,kontrol_plani
Kontrol planı nedir? Rica etsem açıklar mısınız?,kontrol_plani
Kontrol planında neler yer alır? Örnek verebilir misiniz?,kontrol_plani
Kontrol planı nedir? Örnek verebilir misiniz?,kontrol_plani
Nasıl bir kontrol planı hazırlanır? Kısaca açıklar mısınız?,kontrol_plani
8D örneği verebilir misiniz? Detaylı bilgi alabilir miyim?,8d_raporu
8D raporu nedir?,8d_raporu
8D nasıl yazılır? Detaylı bilgi alabilir miyim?,8d_raporu
8D raporu nedir? Detaylı bilgi alabilir miyim?,8d_raporu
8D örneği verebilir misiniz? Rica etsem açıklar mısınız?,8d_raporu
8D nasıl yazılır? Rica etsem açıklar mısınız?,8d_raporu
8D raporu nedir? Rica etsem açıklar mısınız?,8d_raporu
8D örneği verebilir misiniz? Örnek verebilir misiniz?,8d_raporu
8D nasıl yazılır? Detaylı bilgi alabilir miyim?,8d_raporu
8D nasıl yazılır? Rica etsem açıklar mısınız?,8d_raporu
8D örneği verebilir misiniz? Detaylı bilgi alabilir miyim?,8d_raporu
8D örneği verebilir misiniz?,8d_raporu
8D örneği verebilir misiniz?,8d_raporu
8D nasıl yazılır? Detaylı bilgi alabilir miyim?,8d_raporu
8D örneği verebilir misiniz? Kısaca açıklar mısınız?,8d_raporu
8D örneği verebilir misiniz? Kısaca açıklar mısınız?,8d_raporu
8D nasıl yazılır? Detaylı bilgi alabilir miyim?,8d_raporu
8D raporu nedir?,8d_raporu
8D örneği verebilir misiniz? Örnek verebilir misiniz?,8d_raporu
8D raporu nedir?,8d_raporu
8D raporu nedir? Rica etsem açıklar mısınız?,8d_raporu
8D raporu nedir?,8d_raporu
8D nasıl yazılır? Detaylı bilgi alabilir miyim?,8d_raporu
8D nasıl yazılır? Detaylı bilgi alabilir miyim?,8d_raporu
8D örneği verebilir misiniz?,8d_raporu
8D raporu nedir?,8d_raporu
8D örneği verebilir misiniz? Detaylı bilgi alabilir miyim?,8d_raporu
8D örneği verebilir misiniz? Örnek verebilir misiniz?,8d_raporu
8D nasıl yazılır? Örnek verebilir misiniz?,8d_raporu
8D raporu nedir? Rica etsem açıklar mısınız?,8d_raporu
8D örneği verebilir misiniz? Örnek verebilir misiniz?,8d_raporu
8D raporu nedir?,8d_raporu
8D nasıl yazılır? Örnek verebilir misiniz?,8d_raporu
8D raporu nedir? Örnek verebilir misiniz?,8d_raporu
8D raporu nedir? Kısaca açıklar mısınız?,8d_raporu
8D örneği verebilir misiniz? Rica etsem açıklar mısınız?,8d_raporu
8D nasıl yazılır?,8d_raporu
8D nasıl yazılır?,8d_raporu
8D nasıl yazılır? Kısaca açıklar mısınız?,8d_raporu
8D raporu nedir? Kısaca açıklar mısınız?,8d_raporu
8D örneği verebilir misiniz?,8d_raporu
8D raporu nedir? Örnek verebilir misiniz?,8d_raporu
8D raporu nedir? Rica etsem açıklar mısınız?,8d_raporu
8D nasıl yazılır? Kısaca açıklar mısınız?,8d_raporu
8D nasıl yazılır? Kısaca açıklar mısınız?,8d_raporu
8D örneği verebilir misiniz? Rica etsem açıklar mısınız?,8d_raporu
8D raporu nedir?,8d_raporu
8D nasıl yazılır?,8d_raporu
8D raporu nedir? Kısaca açıklar mısınız?,8d_raporu
8D nasıl yazılır? Rica etsem açıklar mısınız?,8d_raporu
8D raporu nedir? Örnek verebilir misiniz?,8d_raporu
8D nasıl yazılır? Detaylı bilgi alabilir miyim?,8d_raporu
8D örneği verebilir misiniz? Kısaca açıklar mısınız?,8d_raporu
8D raporu nedir?,8d_raporu
8D raporu nedir? Detaylı bilgi alabilir miyim?,8d_raporu
8D örneği verebilir misiniz? Rica etsem açıklar mısınız?,8d_raporu
8D raporu nedir? Kısaca açıklar mısınız?,8d_raporu
8D raporu nedir? Rica etsem açıklar mısınız?,8d_raporu
8D nasıl yazılır?,8d_raporu
8D raporu nedir? Kısaca açıklar mısınız?,8d_raporu
MSC belgesi nasıl alınır? Örnek verebilir misiniz?,msc_sertifikasi
MSC sertifikası nedir? Örnek verebilir misiniz?,msc_sertifikasi
Bu sertifika ne işe yarar? Örnek verebilir misiniz?,msc_sertifikasi
MSC belgesi nasıl alınır? Detaylı bilgi alabilir miyim?,msc_sertifikasi
Bu sertifika ne işe yarar? Kısaca açıklar mısınız?,msc_sertifikasi
MSC belgesi nasıl alınır?,msc_sertifikasi
MSC sertifikası nedir? Kısaca açıklar mısınız?,msc_sertifikasi
MSC sertifikası nedir? Örnek verebilir misiniz?,msc_sertifikasi
Bu sertifika ne işe yarar? Rica etsem açıklar mısınız?,msc_sertifikasi
MSC sertifikası nedir? Rica etsem açıklar mısınız?,msc_sertifikasi
MSC sertifikası nedir? Detaylı bilgi alabilir miyim?,msc_sertifikasi
Bu sertifika ne işe yarar? Rica etsem açıklar mısınız?,msc_sertifikasi
MSC sertifikası nedir?,msc_sertifikasi
MSC belgesi nasıl alınır? Örnek verebilir misiniz?,msc_sertifikasi
Bu sertifika ne işe yarar? Örnek verebilir misiniz?,msc_sertifikasi
MSC sertifikası nedir? Örnek verebilir misiniz?,msc_sertifikasi
MSC belgesi nasıl alınır? Detaylı bilgi alabilir miyim?,msc_sertifikasi
Bu sertifika ne işe yarar?,msc_sertifikasi
Bu sertifika ne işe yarar? Detaylı bilgi alabilir miyim?,msc_sertifikasi
MSC sertifikası nedir? Detaylı bilgi alabilir miyim?,msc_sertifikasi
Bu sertifika ne işe yarar? Örnek verebilir misiniz?,msc_sertifikasi
MSC sertifikası nedir? Örnek verebilir misiniz?,msc_sertifikasi
Bu sertifika ne işe yarar? Detaylı bilgi alabilir miyim?,msc_sertifikasi
MSC belgesi nasıl alınır?,msc_sertifikasi
Bu sertifika ne işe yarar? Rica etsem açıklar mısınız?,msc_sertifikasi
MSC belgesi nasıl alınır? Detaylı bilgi alabilir miyim?,msc_sertifikasi
Bu sertifika ne işe yarar? Rica etsem açıklar mısınız?,msc_sertifikasi
MSC sertifikası nedir? Örnek verebilir misiniz?,msc_sertifikasi
Bu sertifika ne işe yarar? Kısaca açıklar mısınız?,msc_sertifikasi
MSC sertifikası nedir? Detaylı bilgi alabilir miyim?,msc_sertifikasi
MSC belgesi nasıl alınır?,msc_sertifikasi
Bu sertifika ne işe yarar? Rica etsem açıklar mısınız?,msc_sertifikasi
Bu sertifika ne işe yarar?,msc_sertifikasi
Bu sertifika ne işe yarar?,msc_sertifikasi
Bu sertifika ne işe yarar? Kısaca açıklar mısınız?,msc_sertifikasi
MSC belgesi nasıl alınır? Kısaca açıklar mısınız?,msc_sertifikasi
MSC belgesi nasıl alınır? Detaylı bilgi alabilir miyim?,msc_sertifikasi
MSC sertifikası nedir?,msc_sertifikasi
MSC sertifikası nedir? Detaylı bilgi alabilir miyim?,msc_sertifikasi
MSC belgesi nasıl alınır? Rica etsem açıklar mısınız?,msc_sertifikasi
MSC belgesi nasıl alınır? Rica etsem açıklar mısınız?,msc_sertifikasi
Bu sertifika ne işe yarar?,msc_sertifikasi
Bu sertifika ne işe yarar? Örnek verebilir misiniz?,msc_sertifikasi
MSC sertifikası nedir? Detaylı bilgi alabilir miyim?,msc_sertifikasi
MSC sertifikası nedir? Rica etsem açıklar mısınız?,msc_sertifikasi
MSC belgesi nasıl alınır? Detaylı bilgi alabilir miyim?,msc_sertifikasi
MSC sertifikası nedir?,msc_sertifikasi
MSC sertifikası nedir? Detaylı bilgi alabilir miyim?,msc_sertifikasi
MSC sertifikası nedir? Örnek verebilir misiniz?,msc_sertifikasi
MSC belgesi nasıl alınır? Örnek verebilir misiniz?,msc_sertifikasi
MSC sertifikası nedir? Detaylı bilgi alabilir miyim?,msc_sertifikasi
MSC sertifikası nedir? Rica etsem açıklar mısınız?,msc_sertifikasi
MSC belgesi nasıl alınır?,msc_sertifikasi
MSC sertifikası nedir?,msc_sertifikasi
MSC belgesi nasıl alınır? Örnek verebilir misiniz?,msc_sertifikasi
MSC sertifikası nedir?,msc_sertifikasi
MSC sertifikası nedir? Örnek verebilir misiniz?,msc_sertifikasi
MSC sertifikası nedir?,msc_sertifikasi
MSC sertifikası nedir? Detaylı bilgi alabilir miyim?,msc_sertifikasi
MSC belgesi nasıl alınır? Rica etsem açıklar mısınız?,msc_sertifikasi
Üretimde kalite nasıl sağlanır?,kalite_yonetimi
Kalite yönetimi nedir?,kalite_yonetimi
Kalite yönetimi nedir? Detaylı bilgi alabilir miyim?,kalite_yonetimi
Kalite yönetim sistemi hakkında bilgi verir misiniz? Örnek verebilir misiniz?,kalite_yonetimi
Kalite yönetimi nedir? Rica etsem açıklar mısınız?,kalite_yonetimi
Kalite yönetim sistemi hakkında bilgi verir misiniz?,kalite_yonetimi
Üretimde kalite nasıl sağlanır? Kısaca açıklar mısınız?,kalite_yonetimi
Kalite yönetimi nedir? Rica etsem açıklar mısınız?,kalite_yonetimi
Üretimde kalite nasıl sağlanır? Detaylı bilgi alabilir miyim?,kalite_yonetimi
Kalite yönetimi nedir? Kısaca açıklar mısınız?,kalite_yonetimi
Kalite yönetimi nedir? Kısaca açıklar mısınız?,kalite_yonetimi
Kalite yönetim sistemi hakkında bilgi verir misiniz? Kısaca açıklar mısınız?,kalite_yonetimi
Kalite yönetimi nedir? Örnek verebilir misiniz?,kalite_yonetimi
Üretimde kalite nasıl sağlanır? Örnek verebilir misiniz?,kalite_yonetimi
Üretimde kalite nasıl sağlanır? Detaylı bilgi alabilir miyim?,kalite_yonetimi
Kalite yönetimi nedir?,kalite_yonetimi
Kalite yönetimi nedir? Kısaca açıklar mısınız?,kalite_yonetimi
Üretimde kalite nasıl sağlanır?,kalite_yonetimi
Kalite yönetimi nedir? Rica etsem açıklar mısınız?,kalite_yonetimi
Kalite yönetimi nedir? Rica etsem açıklar mısınız?,kalite_yonetimi
Kalite yönetimi nedir? Kısaca açıklar mısınız?,kalite_yonetimi
Üretimde kalite nasıl sağlanır?,kalite_yonetimi
Kalite yönetim sistemi hakkında bilgi verir misiniz? Detaylı bilgi alabilir miyim?,kalite_yonetimi
Kalite yönetim sistemi hakkında bilgi verir misiniz?,kalite_yonetimi
Kalite yönetim sistemi hakkında bilgi verir misiniz?,kalite_yonetimi
Kalite yönetim sistemi hakkında bilgi verir misiniz? Detaylı bilgi alabilir miyim?,kalite_yonetimi
Üretimde kalite nasıl sağlanır? Kısaca açıklar mısınız?,kalite_yonetimi
Kalite yönetim sistemi hakkında bilgi verir misiniz?,kalite_yonetimi
Kalite yönetim sistemi hakkında bilgi verir misiniz? Rica etsem açıklar mısınız?,kalite_yonetimi
Kalite yönetim sistemi hakkında bilgi verir misiniz? Kısaca açıklar mısınız?,kalite_yonetimi
Üretimde kalite nasıl sağlanır? Detaylı bilgi alabilir miyim?,kalite_yonetimi
Üretimde kalite nasıl sağlanır? Rica etsem açıklar mısınız?,kalite_yonetimi
Kalite yönetim sistemi hakkında bilgi verir misiniz? Detaylı bilgi alabilir miyim?,kalite_yonetimi
Kalite yönetimi nedir? Örnek verebilir misiniz?,kalite_yonetimi
Üretimde kalite nasıl sağlanır? Detaylı bilgi alabilir miyim?,kalite_yonetimi
Kalite yönetim sistemi hakkında bilgi verir misiniz? Örnek verebilir misiniz?,kalite_yonetimi
Kalite yönetimi nedir? Detaylı bilgi alabilir miyim?,kalite_yonetimi
Kalite yönetimi nedir?,kalite_yonetimi
Kalite yönetimi nedir?,kalite_yonetimi
Kalite yönetimi nedir? Rica etsem açıklar mısınız?,kalite_yonetimi
Kalite yönetimi nedir?,kalite_yonetimi
Üretimde kalite nasıl sağlanır? Örnek verebilir misiniz?,kalite_yonetimi
Üretimde kalite nasıl sağlanır? Rica etsem açıklar mısınız?,kalite_yonetimi
Üretimde kalite nasıl sağlanır? Rica etsem açıklar mısınız?,kalite_yonetimi
Kalite yönetim sistemi hakkında bilgi verir misiniz? Örnek verebilir misiniz?,kalite_yonetimi
Kalite yönetim sistemi hakkında bilgi verir misiniz? Rica etsem açıklar mısınız?,kalite_yonetimi
Üretimde kalite nasıl sağlanır? Örnek verebilir misiniz?,kalite_yonetimi
Kalite yönetimi nedir? Örnek verebilir misiniz?,kalite_yonetimi
Kalite yönetim sistemi hakkında bilgi verir misiniz?,kalite_yonetimi
Kalite yönetimi nedir?,kalite_yonetimi
Kalite yönetimi nedir? Rica etsem açıklar mısınız?,kalite_yonetimi
Üretimde kalite nasıl sağlanır?,kalite_yonetimi
Kalite yönetimi nedir? Detaylı bilgi alabilir miyim?,kalite_yonetimi
Üretimde kalite nasıl sağlanır? Rica etsem açıklar mısınız?,kalite_yonetimi
Kalite yönetimi nedir? Kısaca açıklar mısınız?,kalite_yonetimi
Kalite yönetimi nedir? Detaylı bilgi alabilir miyim?,kalite_yonetimi
Üretimde kalite nasıl sağlanır? Detaylı bilgi alabilir miyim?,kalite_yonetimi
Üretimde kalite nasıl sağlanır? Rica etsem açıklar mısınız?,kalite_yonetimi
Kalite yönetim sistemi hakkında bilgi verir misiniz? Örnek verebilir misiniz?,kalite_yonetimi
Kalite yönetim sistemi hakkında bilgi verir misiniz? Kısaca açıklar mısınız?,kalite_yonetimi
Cp ve Cpk nedir? Rica etsem açıklar mısınız?,capability_study
Proses kabiliyet analizi nasıl yapılır? Örnek verebilir misiniz?,capability_study
Capability study nedir?,capability_study
Capability study nedir? Rica etsem açıklar mısınız?,capability_study
Proses kabiliyet analizi nasıl yapılır? Detaylı bilgi alabilir miyim?,capability_study
Proses kabiliyet analizi nasıl yapılır? Örnek verebilir misiniz?,capability_study
Cp ve Cpk nedir? Detaylı bilgi alabilir miyim?,capability_study
Cp ve Cpk nedir? Kısaca açıklar mısınız?,capability_study
Proses kabiliyet analizi nasıl yapılır? Örnek verebilir misiniz?,capability_study
Cp ve Cpk nedir?,capability_study
Capability study nedir? Örnek verebilir misiniz?,capability_study
Capability study nedir? Rica etsem açıklar mısınız?,capability_study
Proses kabiliyet analizi nasıl yapılır? Örnek verebilir misiniz?,capability_study
Cp ve Cpk nedir? Rica etsem açıklar mısınız?,capability_study
Proses kabiliyet analizi nasıl yapılır? Rica etsem açıklar mısınız?,capability_study
Capability study nedir? Detaylı bilgi alabilir miyim?,capability_study
Proses kabiliyet analizi nasıl yapılır? Detaylı bilgi alabilir miyim?,capability_study
Capability study nedir? Örnek verebilir misiniz?,capability_study
Capability study nedir? Detaylı bilgi alabilir miyim?,capability_study
Proses kabiliyet analizi nasıl yapılır? Kısaca açıklar mısınız?,capability_study
Proses kabiliyet analizi nasıl yapılır?,capability_study
Capability study nedir? Rica etsem açıklar mısınız?,capability_study
Cp ve Cpk nedir? Kısaca açıklar mısınız?,capability_study
Cp ve Cpk nedir?,capability_study
Capability study nedir? Kısaca açıklar mısınız?,capability_study
Proses kabiliyet analizi nasıl yapılır? Rica etsem açıklar mısınız?,capability_study
Cp ve Cpk nedir? Detaylı bilgi alabilir miyim?,capability_study
Proses kabiliyet analizi nasıl yapılır? Rica etsem açıklar mısınız?,capability_study
Capability study nedir? Kısaca açıklar mısınız?,capability_study
Cp ve Cpk nedir? Rica etsem açıklar mısınız?,capability_study
Capability study nedir?,capability_study
Proses kabiliyet analizi nasıl yapılır? Örnek verebilir misiniz?,capability_study
Cp ve Cpk nedir? Detaylı bilgi alabilir miyim?,capability_study
Cp ve Cpk nedir? Rica etsem açıklar mısınız?,capability_study
Capability study nedir? Örnek verebilir misiniz?,capability_study
Cp ve Cpk nedir? Rica etsem açıklar mısınız?,capability_study
Proses kabiliyet analizi nasıl yapılır? Kısaca açıklar mısınız?,capability_study
Cp ve Cpk nedir? Rica etsem açıklar mısınız?,capability_study
Cp ve Cpk nedir?,capability_study
Cp ve Cpk nedir? Detaylı bilgi alabilir miyim?,capability_study
Proses kabiliyet analizi nasıl yapılır? Rica etsem açıklar mısınız?,capability_study
Capability study nedir? Kısaca açıklar mısınız?,capability_study
Proses kabiliyet analizi nasıl yapılır? Rica etsem açıklar mısınız?,capability_study
Capability study nedir?,capability_study
Cp ve Cpk nedir?,capability_study
Cp ve Cpk nedir?,capability_study
Proses kabiliyet analizi nasıl yapılır? Örnek verebilir misiniz?,capability_study
Capability study nedir? Kısaca açıklar mısınız?,capability_study
Proses kabiliyet analizi nasıl yapılır? Rica etsem açıklar mısınız?,capability_study
Proses kabiliyet analizi nasıl yapılır? Rica etsem açıklar mısınız?,capability_study
Cp ve Cpk nedir? Rica etsem açıklar mısınız?,capability_study
Cp ve Cpk nedir? Örnek verebilir misiniz?,capability_study
Capability study nedir? Kısaca açıklar mısınız?,capability_study
Proses kabiliyet analizi nasıl yapılır?,capability_study
Capability study nedir?,capability_study
Capability study nedir? Rica etsem açıklar mısınız?,capability_study
Proses kabiliyet analizi nasıl yapılır? Rica etsem açıklar mısınız?,capability_study
Cp ve Cpk nedir?,capability_study
Cp ve Cpk nedir? Detaylı bilgi alabilir miyim?,capability_study
Proses kabiliyet analizi nasıl yapılır? Rica etsem açıklar mısınız?,capability_study
İç denetim süreci nedir?,denetim_sureci
Denetim raporu nasıl hazırlanır? Kısaca açıklar mısınız?,denetim_sureci
İç denetim süreci nedir? Örnek verebilir misiniz?,denetim_sureci
Kalite denetimleri nasıl yapılır? Rica etsem açıklar mısınız?,denetim_sureci
Denetim raporu nasıl hazırlanır? Rica etsem açıklar mısınız?,denetim_sureci
İç denetim süreci nedir? Örnek verebilir misiniz?,denetim_sureci
Denetim raporu nasıl hazırlanır? Detaylı bilgi alabilir miyim?,denetim_sureci
Kalite denetimleri nasıl yapılır?,denetim_sureci
Denetim raporu nasıl hazırlanır? Rica etsem açıklar mısınız?,denetim_sureci
İç denetim süreci nedir? Kısaca açıklar mısınız?,denetim_sureci
Kalite denetimleri nasıl yapılır?,denetim_sureci
Kalite denetimleri nasıl yapılır? Örnek verebilir misiniz?,denetim_sureci
Denetim raporu nasıl hazırlanır? Rica etsem açıklar mısınız?,denetim_sureci
Denetim raporu nasıl hazırlanır? Örnek verebilir misiniz?,denetim_sureci
Denetim raporu nasıl hazırlanır?,denetim_sureci
Denetim raporu nasıl hazırlanır? Detaylı bilgi alabilir miyim?,denetim_sureci
Denetim raporu nasıl hazırlanır? Rica etsem açıklar mısınız?,denetim_sureci
Kalite denetimleri nasıl yapılır?,denetim_sureci
İç denetim süreci nedir? Rica etsem açıklar mısınız?,denetim_sureci
Denetim raporu nasıl hazırlanır? Örnek verebilir misiniz?,denetim_sureci
Kalite denetimleri nasıl yapılır? Detaylı bilgi alabilir miyim?,denetim_sureci
İç denetim süreci nedir?,denetim_sureci
Denetim raporu nasıl hazırlanır? Kısaca açıklar mısınız?,denetim_sureci
Denetim raporu nasıl hazırlanır?,denetim_sureci
Denetim raporu nasıl hazırlanır?,denetim_sureci
Kalite denetimleri nasıl yapılır? Detaylı bilgi alabilir miyim?,denetim_sureci
İç denetim süreci nedir? Detaylı bilgi alabilir miyim?,denetim_sureci
İç denetim süreci nedir? Rica etsem açıklar mısınız?,denetim_sureci
Kalite denetimleri nasıl yapılır? Detaylı bilgi alabilir miyim?,denetim_sureci
Kalite denetimleri nasıl yapılır? Rica etsem açıklar mısınız?,denetim_sureci
İç denetim süreci nedir?,denetim_sureci
İç denetim süreci nedir? Rica etsem açıklar mısınız?,denetim_sureci
İç denetim süreci nedir? Rica etsem açıklar mısınız?,denetim_sureci
Kalite denetimleri nasıl yapılır? Rica etsem açıklar mısınız?,denetim_sureci
Kalite denetimleri nasıl yapılır? Rica etsem açıklar mısınız?,denetim_sureci
Kalite denetimleri nasıl yapılır? Kısaca açıklar mısınız?,denetim_sureci
İç denetim süreci nedir? Kısaca açıklar mısınız?,denetim_sureci
İç denetim süreci nedir? Kısaca açıklar mısınız?,denetim_sureci
İç denetim süreci nedir? Örnek verebilir misiniz?,denetim_sureci
Kalite denetimleri nasıl yapılır? Rica etsem açıklar mısınız?,denetim_sureci
Kalite denetimleri nasıl yapılır? Örnek verebilir misiniz?,denetim_sureci
Denetim raporu nasıl hazırlanır? Rica etsem açıklar mısınız?,denetim_sureci
Denetim raporu nasıl hazırlanır?,denetim_sureci
İç denetim süreci nedir? Örnek verebilir misiniz?,denetim_sureci
İç denetim süreci nedir? Detaylı bilgi alabilir miyim?,denetim_sureci
Denetim raporu nasıl hazırlanır? Kısaca açıklar mısınız?,denetim_sureci
İç denetim süreci nedir? Rica etsem açıklar mısınız?,denetim_sureci
Kalite denetimleri nasıl yapılır? Örnek verebilir misiniz?,denetim_sureci
Denetim raporu nasıl hazırlanır?,denetim_sureci
Denetim raporu nasıl hazırlanır? Örnek verebilir misiniz?,denetim_sureci
Kalite denetimleri nasıl yapılır?,denetim_sureci
Denetim raporu nasıl hazırlanır? Detaylı bilgi alabilir miyim?,denetim_sureci
İç denetim süreci nedir? Örnek verebilir misiniz?,denetim_sureci
Denetim raporu nasıl hazırlanır? Rica etsem açıklar mısınız?,denetim_sureci
Denetim raporu nasıl hazırlanır? Kısaca açıklar mısınız?,denetim_sureci
Kalite denetimleri nasıl yapılır? Kısaca açıklar mısınız?,denetim_sureci
Kalite denetimleri nasıl yapılır? Kısaca açıklar mısınız?,denetim_sureci
Kalite denetimleri nasıl yapılır? Kısaca açıklar mısınız?,denetim_sureci
Denetim raporu nasıl hazırlanır? Detaylı bilgi alabilir miyim?,denetim_sureci
İç denetim süreci nedir? Rica etsem açıklar mısınız?,denetim_sureci
KPS sürecinde dikkat edilmesi gerekenler nelerdir? Detaylı bilgi alabilir miyim?,kps_sureci
KPS süreci nasıl işler? Detaylı bilgi alabilir miyim?,kps_sureci
KPS nedir? Örnek verebilir misiniz?,kps_sureci
KPS nedir? Kısaca açıklar mısınız?,kps_sureci
KPS süreci nasıl işler? Detaylı bilgi alabilir miyim?,kps_sureci
KPS nedir? Rica etsem açıklar mısınız?,kps_sureci
KPS nedir? Örnek verebilir misiniz?,kps_sureci
KPS sürecinde dikkat edilmesi gerekenler nelerdir? Örnek verebilir misiniz?,kps_sureci
KPS sürecinde dikkat edilmesi gerekenler nelerdir? Örnek verebilir misiniz?,kps_sureci
KPS sürecinde dikkat edilmesi gerekenler nelerdir? Kısaca açıklar mısınız?,kps_sureci
KPS sürecinde dikkat edilmesi gerekenler nelerdir? Detaylı bilgi alabilir miyim?,kps_sureci
KPS nedir? Detaylı bilgi alabilir miyim?,kps_sureci
KPS süreci nasıl işler?,kps_sureci
KPS süreci nasıl işler? Örnek verebilir misiniz?,kps_sureci
KPS süreci nasıl işler? Detaylı bilgi alabilir miyim?,kps_sureci
KPS süreci nasıl işler? Detaylı bilgi alabilir miyim?,kps_sureci
KPS süreci nasıl işler? Detaylı bilgi alabilir miyim?,kps_sureci
KPS sürecinde dikkat edilmesi gerekenler nelerdir? Rica etsem açıklar mısınız?,kps_sureci
KPS süreci nasıl işler? Detaylı bilgi alabilir miyim?,kps_sureci
KPS süreci nasıl işler? Kısaca açıklar mısınız?,kps_sureci
KPS nedir?,kps_sureci
KPS nedir? Örnek verebilir misiniz?,kps_sureci
KPS sürecinde dikkat edilmesi gerekenler nelerdir? Rica etsem açıklar mısınız?,kps_sureci
KPS süreci nasıl işler? Detaylı bilgi alabilir miyim?,kps_sureci
KPS sürecinde dikkat edilmesi gerekenler nelerdir? Kısaca açıklar mısınız?,kps_sureci
KPS süreci nasıl işler? Kısaca açıklar mısınız?,kps_sureci
KPS nedir? Detaylı bilgi alabilir miyim?,kps_sureci
KPS sürecinde dikkat edilmesi gerekenler nelerdir?,kps_sureci
KPS süreci nasıl işler? Örnek verebilir misiniz?,kps_sureci
KPS nedir? Örnek verebilir misiniz?,kps_sureci
KPS nedir? Rica etsem açıklar mısınız?,kps_sureci
KPS nedir?,kps_sureci
KPS süreci nasıl işler? Rica etsem açıklar mısınız?,kps_sureci
KPS sürecinde dikkat edilmesi gerekenler nelerdir? Rica etsem açıklar mısınız?,kps_sureci
KPS süreci nasıl işler? Örnek verebilir misiniz?,kps_sureci
KPS nedir?,kps_sureci
KPS süreci nasıl işler? Kısaca açıklar mısınız?,kps_sureci
KPS sürecinde dikkat edilmesi gerekenler nelerdir? Rica etsem açıklar mısınız?,kps_sureci
KPS nedir? Kısaca açıklar mısınız?,kps_sureci
KPS nedir? Örnek verebilir misiniz?,kps_sureci
KPS nedir? Kısaca açıklar mısınız?,kps_sureci
KPS süreci nasıl işler? Detaylı bilgi alabilir miyim?,kps_sureci
KPS süreci nasıl işler? Kısaca açıklar mısınız?,kps_sureci
KPS süreci nasıl işler?,kps_sureci
KPS sürecinde dikkat edilmesi gerekenler nelerdir?,kps_sureci
KPS sürecinde dikkat edilmesi gerekenler nelerdir? Örnek verebilir misiniz?,kps_sureci
KPS süreci nasıl işler?,kps_sureci
KPS nedir? Detaylı bilgi alabilir miyim?,kps_sureci
KPS sürecinde dikkat edilmesi gerekenler nelerdir? Detaylı bilgi alabilir miyim?,kps_sureci
KPS nedir? Örnek verebilir misiniz?,kps_sureci
KPS süreci nasıl işler? Rica etsem açıklar mısınız?,kps_sureci
KPS süreci nasıl işler? Detaylı bilgi alabilir miyim?,kps_sureci
KPS süreci nasıl işler? Detaylı bilgi alabilir miyim?,kps_sureci
KPS sürecinde dikkat edilmesi gerekenler nelerdir? Örnek verebilir misiniz?,kps_sureci
KPS nedir? Kısaca açıklar mısınız?,kps_sureci
KPS sürecinde dikkat edilmesi gerekenler nelerdir?,kps_sureci
KPS sürecinde dikkat edilmesi gerekenler nelerdir? Kısaca açıklar mısınız?,kps_sureci
KPS süreci nasıl işler? Örnek verebilir misiniz?,kps_sureci
KPS sürecinde dikkat edilmesi gerekenler nelerdir?,kps_sureci
KPS sürecinde dikkat edilmesi gerekenler nelerdir? Detaylı bilgi alabilir miyim?,kps_sureci
Parça izlenebilirliği nasıl sağlanır? Detaylı bilgi alabilir miyim?,malzeme_takibi
Lot takibi nedir? Rica etsem açıklar mısınız?,malzeme_takibi
Malzeme takibi nasıl yapılır?,malzeme_takibi
Parça izlenebilirliği nasıl sağlanır?,malzeme_takibi
Parça izlenebilirliği nasıl sağlanır? Örnek verebilir misiniz?,malzeme_takibi
Lot takibi nedir? Rica etsem açıklar mısınız?,malzeme_takibi
Parça izlenebilirliği nasıl sağlanır? Rica etsem açıklar mısınız?,malzeme_takibi
Lot takibi nedir?,malzeme_takibi
Malzeme takibi nasıl yapılır? Rica etsem açıklar mısınız?,malzeme_takibi
Lot takibi nedir? Örnek verebilir misiniz?,malzeme_takibi
Lot takibi nedir? Kısaca açıklar mısınız?,malzeme_takibi
Parça izlenebilirliği nasıl sağlanır?,malzeme_takibi
Parça izlenebilirliği nasıl sağlanır? Örnek verebilir misiniz?,malzeme_takibi
Lot takibi nedir? Kısaca açıklar mısınız?,malzeme_takibi
Parça izlenebilirliği nasıl sağlanır? Rica etsem açıklar mısınız?,malzeme_takibi
Parça izlenebilirliği nasıl sağlanır? Rica etsem açıklar mısınız?,malzeme_takibi
Lot takibi nedir? Detaylı bilgi alabilir miyim?,malzeme_takibi
Lot takibi nedir? Detaylı bilgi alabilir miyim?,malzeme_takibi
Malzeme takibi nasıl yapılır?,malzeme_takibi
Malzeme takibi nasıl yapılır? Detaylı bilgi alabilir miyim?,malzeme_takibi
Lot takibi nedir? Örnek verebilir misiniz?,malzeme_takibi
Malzeme takibi nasıl yapılır? Detaylı bilgi alabilir miyim?,malzeme_takibi
Malzeme takibi nasıl yapılır? Detaylı bilgi alabilir miyim?,malzeme_takibi
Malzeme takibi nasıl yapılır? Kısaca açıklar mısınız?,malzeme_takibi
Malzeme takibi nasıl yapılır? Rica etsem açıklar mısınız?,malzeme_takibi
Lot takibi nedir? Kısaca açıklar mısınız?,malzeme_takibi
Lot takibi nedir? Kısaca açıklar mısınız?,malzeme_takibi
Malzeme takibi nasıl yapılır? Rica etsem açıklar mısınız?,malzeme_takibi
Lot takibi nedir? Rica etsem açıklar mısınız?,malzeme_takibi
Malzeme takibi nasıl yapılır? Detaylı bilgi alabilir miyim?,malzeme_takibi
Malzeme takibi nasıl yapılır? Örnek verebilir misiniz?,malzeme_takibi
Lot takibi nedir?,malzeme_takibi
Lot takibi nedir? Rica etsem açıklar mısınız?,malzeme_takibi
Malzeme takibi nasıl yapılır? Detaylı bilgi alabilir miyim?,malzeme_takibi
Parça izlenebilirliği nasıl sağlanır? Detaylı bilgi alabilir miyim?,malzeme_takibi
Malzeme takibi nasıl yapılır? Örnek verebilir misiniz?,malzeme_takibi
Lot takibi nedir?,malzeme_takibi
Parça izlenebilirliği nasıl sağlanır? Detaylı bilgi alabilir miyim?,malzeme_takibi
Malzeme takibi nasıl yapılır? Kısaca açıklar mısınız?,malzeme_takibi
Parça izlenebilirliği nasıl sağlanır? Kısaca açıklar mısınız?,malzeme_takibi
Malzeme takibi nasıl yapılır? Kısaca açıklar mısınız?,malzeme_takibi
Parça izlenebilirliği nasıl sağlanır?,malzeme_takibi
Parça izlenebilirliği nasıl sağlanır? Detaylı bilgi alabilir miyim?,malzeme_takibi
Parça izlenebilirliği nasıl sağlanır? Kısaca açıklar mısınız?,malzeme_takibi
Lot takibi nedir? Rica etsem açıklar mısınız?,malzeme_takibi
Parça izlenebilirliği nasıl sağlanır? Örnek verebilir misiniz?,malzeme_takibi
Parça izlenebilirliği nasıl sağlanır? Örnek verebilir misiniz?,malzeme_takibi
Parça izlenebilirliği nasıl sağlanır? Detaylı bilgi alabilir miyim?,malzeme_takibi
Parça izlenebilirliği nasıl sağlanır? Örnek verebilir misiniz?,malzeme_takibi
Malzeme takibi nasıl yapılır? Rica etsem açıklar mısınız?,malzeme_takibi
Parça izlenebilirliği nasıl sağlanır? Kısaca açıklar mısınız?,malzeme_takibi
Lot takibi nedir? Örnek verebilir misiniz?,malzeme_takibi
Parça izlenebilirliği nasıl sağlanır? Rica etsem açıklar mısınız?,malzeme_takibi
Malzeme takibi nasıl yapılır? Örnek verebilir misiniz?,malzeme_takibi
Malzeme takibi nasıl yapılır?,malzeme_takibi
Lot takibi nedir? Rica etsem açıklar mısınız?,malzeme_takibi
Malzeme takibi nasıl yapılır? Detaylı bilgi alabilir miyim?,malzeme_takibi
Malzeme takibi nasıl yapılır?,malzeme_takibi
Parça izlenebilirliği nasıl sağlanır? Detaylı bilgi alabilir miyim?,malzeme_takibi
Lot takibi nedir? Rica etsem açıklar mısınız?,malzeme_takibi
